dataset_id,engine,K,label,status,completion_validated,scenarios_completed,validated_prefix_scenarios,T_total_s,T_batch_s,prefix_K100_batch_s,T_total_lower_bound_s,process_wall_observed_s,rss_peak_bytes,cpu_s,input_sha256,scenarios_sha256,commit,run_id
F1-DENSE-N100000-M200-s101,tsfg,100,round-0,OK,True,100,100,162.843290197,162.807719999,162.807403145,,162.843290197,65675264,162.77925199999999,9a79e3f6347df40eeab14ace787b6ee58b854bf24971bdeab0dd3821969ead8c,c80c5c681689bd8d88cc91964d6bba2e152ebfe7330e5b7d137707d53114a1d6,afb7081898506524e3591af4e727461fc46efa2d,36247215750
F1-DENSE-N100000-M200-s101,des,100,round-0,OK,True,100,100,9.259832868999979,9.214823805,9.205586549,,9.259832868999979,76812288,9.249067,9a79e3f6347df40eeab14ace787b6ee58b854bf24971bdeab0dd3821969ead8c,c80c5c681689bd8d88cc91964d6bba2e152ebfe7330e5b7d137707d53114a1d6,afb7081898506524e3591af4e727461fc46efa2d,36247215750
F1-DENSE-N100000-M200-s101,dag,100,round-0,OK,True,100,100,2.7124161660000254,2.644525431,2.63540339,,2.7124161660000254,76828672,2.696161,9a79e3f6347df40eeab14ace787b6ee58b854bf24971bdeab0dd3821969ead8c,c80c5c681689bd8d88cc91964d6bba2e152ebfe7330e5b7d137707d53114a1d6,afb7081898506524e3591af4e727461fc46efa2d,36247215750
F1-DENSE-N100000-M200-s101,dag,100,round-0,OK,True,100,100,2.722037811000007,2.65279426,2.64377304,,2.722037811000007,79302656,2.700351,9a79e3f6347df40eeab14ace787b6ee58b854bf24971bdeab0dd3821969ead8c,c80c5c681689bd8d88cc91964d6bba2e152ebfe7330e5b7d137707d53114a1d6,afb7081898506524e3591af4e727461fc46efa2d,36247215750
F1-DENSE-N100000-M200-s101,des,100,round-0,OK,True,100,100,9.288117040000031,9.241068254,9.231855253,,9.288117040000031,79302656,9.275689,9a79e3f6347df40eeab14ace787b6ee58b854bf24971bdeab0dd3821969ead8c,c80c5c681689bd8d88cc91964d6bba2e152ebfe7330e5b7d137707d53114a1d6,afb7081898506524e3591af4e727461fc46efa2d,36247215750
F1-DENSE-N100000-M200-s101,tsfg,100,round-0,OK,True,100,100,161.5007867070001,161.465559597,161.465249987,,161.5007867070001,79302656,161.444411,9a79e3f6347df40eeab14ace787b6ee58b854bf24971bdeab0dd3821969ead8c,c80c5c681689bd8d88cc91964d6bba2e152ebfe7330e5b7d137707d53114a1d6,afb7081898506524e3591af4e727461fc46efa2d,36247215750
F1-DENSE-N100000-M200-s101,des,100,round-1,OK,True,100,100,6.306713379000001,6.28034399,6.275228584,,6.306713379000001,56700928,5.94701,9a79e3f6347df40eeab14ace787b6ee58b854bf24971bdeab0dd3821969ead8c,c80c5c681689bd8d88cc91964d6bba2e152ebfe7330e5b7d137707d53114a1d6,afb7081898506524e3591af4e727461fc46efa2d,36247215750
F1-DENSE-N100000-M200-s101,dag,100,round-1,OK,True,100,100,1.53520799799999,1.492424906,1.487633006,,1.53520799799999,75952128,1.4129209999999999,9a79e3f6347df40eeab14ace787b6ee58b854bf24971bdeab0dd3821969ead8c,c80c5c681689bd8d88cc91964d6bba2e152ebfe7330e5b7d137707d53114a1d6,afb7081898506524e3591af4e727461fc46efa2d,36247215750
F1-DENSE-N100000-M200-s101,tsfg,100,round-1,OK,True,100,100,90.171879285,90.147415242,90.146997109,,90.171879285,77512704,90.021613,9a79e3f6347df40eeab14ace787b6ee58b854bf24971bdeab0dd3821969ead8c,c80c5c681689bd8d88cc91964d6bba2e152ebfe7330e5b7d137707d53114a1d6,afb7081898506524e3591af4e727461fc46efa2d,36247215750
F1-DENSE-N100000-M200-s101,tsfg,100,round-1,OK,True,100,100,91.42382122499998,91.400466713,91.400082602,,91.42382122499998,77553664,91.3502,9a79e3f6347df40eeab14ace787b6ee58b854bf24971bdeab0dd3821969ead8c,c80c5c681689bd8d88cc91964d6bba2e152ebfe7330e5b7d137707d53114a1d6,afb7081898506524e3591af4e727461fc46efa2d,36247215750
F1-DENSE-N100000-M200-s101,dag,100,round-1,OK,True,100,100,1.5861345109999547,1.538235104,1.533034579,,1.5861345109999547,75952128,1.567899,9a79e3f6347df40eeab14ace787b6ee58b854bf24971bdeab0dd3821969ead8c,c80c5c681689bd8d88cc91964d6bba2e152ebfe7330e5b7d137707d53114a1d6,afb7081898506524e3591af4e727461fc46efa2d,36247215750
F1-DENSE-N100000-M200-s101,des,100,round-1,OK,True,100,100,6.066074567999976,6.039485287,6.034411183,,6.066074567999976,75952128,6.0372,9a79e3f6347df40eeab14ace787b6ee58b854bf24971bdeab0dd3821969ead8c,c80c5c681689bd8d88cc91964d6bba2e152ebfe7330e5b7d137707d53114a1d6,afb7081898506524e3591af4e727461fc46efa2d,36247215750
F1-DENSE-N100000-M200-s101,dag,100,round-2,OK,True,100,100,2.7589053769999907,2.687946177,2.678864748,,2.7589053769999907,56606720,2.748407,9a79e3f6347df40eeab14ace787b6ee58b854bf24971bdeab0dd3821969ead8c,c80c5c681689bd8d88cc91964d6bba2e152ebfe7330e5b7d137707d53114a1d6,afb7081898506524e3591af4e727461fc46efa2d,36247215750
F1-DENSE-N100000-M200-s101,tsfg,100,round-2,OK,True,100,100,161.578975616,161.544567317,161.544177415,,161.578975616,75567104,161.490439,9a79e3f6347df40eeab14ace787b6ee58b854bf24971bdeab0dd3821969ead8c,c80c5c681689bd8d88cc91964d6bba2e152ebfe7330e5b7d137707d53114a1d6,afb7081898506524e3591af4e727461fc46efa2d,36247215750
F1-DENSE-N100000-M200-s101,des,100,round-2,OK,True,100,100,9.388413942999989,9.340768462,9.331519161,,9.388413942999989,76447744,9.376211,9a79e3f6347df40eeab14ace787b6ee58b854bf24971bdeab0dd3821969ead8c,c80c5c681689bd8d88cc91964d6bba2e152ebfe7330e5b7d137707d53114a1d6,afb7081898506524e3591af4e727461fc46efa2d,36247215750
F1-DENSE-N100000-M200-s101,des,100,round-2,OK,True,100,100,9.392766927000025,9.347936985,9.33876087,,9.392766927000025,76447744,9.377001,9a79e3f6347df40eeab14ace787b6ee58b854bf24971bdeab0dd3821969ead8c,c80c5c681689bd8d88cc91964d6bba2e152ebfe7330e5b7d137707d53114a1d6,afb7081898506524e3591af4e727461fc46efa2d,36247215750
F1-DENSE-N100000-M200-s101,tsfg,100,round-2,OK,True,100,100,161.40323807399994,161.367333405,161.366963261,,161.40323807399994,76447744,161.314413,9a79e3f6347df40eeab14ace787b6ee58b854bf24971bdeab0dd3821969ead8c,c80c5c681689bd8d88cc91964d6bba2e152ebfe7330e5b7d137707d53114a1d6,afb7081898506524e3591af4e727461fc46efa2d,36247215750
F1-DENSE-N100000-M200-s101,dag,100,round-2,OK,True,100,100,2.751905496000063,2.680582702,2.671480872,,2.751905496000063,76447744,2.739329,9a79e3f6347df40eeab14ace787b6ee58b854bf24971bdeab0dd3821969ead8c,c80c5c681689bd8d88cc91964d6bba2e152ebfe7330e5b7d137707d53114a1d6,afb7081898506524e3591af4e727461fc46efa2d,36247215750
F1-DENSE-N100000-M200-s102,tsfg,100,round-0,OK,True,100,100,139.782497089,139.748110368,139.74774594,,139.782497089,61571072,139.731356,9a79e3f6347df40eeab14ace787b6ee58b854bf24971bdeab0dd3821969ead8c,735299fa1282451ff0f9dd66c81b905aab70427f0e5d5235dbd43b5109aaf987,afb7081898506524e3591af4e727461fc46efa2d,36247215750
F1-DENSE-N100000-M200-s102,des,100,round-0,OK,True,100,100,10.836453261000031,10.794119842,10.784915042,,10.836453261000031,74649600,10.817127,9a79e3f6347df40eeab14ace787b6ee58b854bf24971bdeab0dd3821969ead8c,735299fa1282451ff0f9dd66c81b905aab70427f0e5d5235dbd43b5109aaf987,afb7081898506524e3591af4e727461fc46efa2d,36247215750
F1-DENSE-N100000-M200-s102,dag,100,round-0,OK,True,100,100,2.71130155000003,2.639861854,2.631304707,,2.71130155000003,74649600,2.6968629999999996,9a79e3f6347df40eeab14ace787b6ee58b854bf24971bdeab0dd3821969ead8c,735299fa1282451ff0f9dd66c81b905aab70427f0e5d5235dbd43b5109aaf987,afb7081898506524e3591af4e727461fc46efa2d,36247215750
F1-DENSE-N100000-M200-s102,dag,100,round-0,OK,True,100,100,2.707021191000024,2.638526878,2.629995737,,2.707021191000024,74649600,2.690761,9a79e3f6347df40eeab14ace787b6ee58b854bf24971bdeab0dd3821969ead8c,735299fa1282451ff0f9dd66c81b905aab70427f0e5d5235dbd43b5109aaf987,afb7081898506524e3591af4e727461fc46efa2d,36247215750
F1-DENSE-N100000-M200-s102,des,100,round-0,OK,True,100,100,10.453130004000002,10.411064131,10.402204223,,10.453130004000002,74698752,10.436385000000001,9a79e3f6347df40eeab14ace787b6ee58b854bf24971bdeab0dd3821969ead8c,735299fa1282451ff0f9dd66c81b905aab70427f0e5d5235dbd43b5109aaf987,afb7081898506524e3591af4e727461fc46efa2d,36247215750
F1-DENSE-N100000-M200-s102,tsfg,100,round-0,OK,True,100,100,139.225767088,139.190497818,139.190220692,,139.225767088,74813440,139.170996,9a79e3f6347df40eeab14ace787b6ee58b854bf24971bdeab0dd3821969ead8c,735299fa1282451ff0f9dd66c81b905aab70427f0e5d5235dbd43b5109aaf987,afb7081898506524e3591af4e727461fc46efa2d,36247215750
F1-DENSE-N100000-M200-s102,des,100,round-1,OK,True,100,100,9.449443598000002,9.405098077,9.395950234,,9.449443598000002,56680448,9.429466000000001,9a79e3f6347df40eeab14ace787b6ee58b854bf24971bdeab0dd3821969ead8c,735299fa1282451ff0f9dd66c81b905aab70427f0e5d5235dbd43b5109aaf987,afb7081898506524e3591af4e727461fc46efa2d,36247215750
F1-DENSE-N100000-M200-s102,dag,100,round-1,OK,True,100,100,2.738527925999989,2.669010195,2.659827429,,2.738527925999989,76132352,2.722269,9a79e3f6347df40eeab14ace787b6ee58b854bf24971bdeab0dd3821969ead8c,735299fa1282451ff0f9dd66c81b905aab70427f0e5d5235dbd43b5109aaf987,afb7081898506524e3591af4e727461fc46efa2d,36247215750
F1-DENSE-N100000-M200-s102,tsfg,100,round-1,OK,True,100,100,161.97869067699997,161.942824343,161.94250666,,161.97869067699997,76132352,161.905124,9a79e3f6347df40eeab14ace787b6ee58b854bf24971bdeab0dd3821969ead8c,735299fa1282451ff0f9dd66c81b905aab70427f0e5d5235dbd43b5109aaf987,afb7081898506524e3591af4e727461fc46efa2d,36247215750
F1-DENSE-N100000-M200-s102,tsfg,100,round-1,OK,True,100,100,161.48229627400002,161.446950144,161.446545649,,161.48229627400002,76656640,161.40379199999998,9a79e3f6347df40eeab14ace787b6ee58b854bf24971bdeab0dd3821969ead8c,735299fa1282451ff0f9dd66c81b905aab70427f0e5d5235dbd43b5109aaf987,afb7081898506524e3591af4e727461fc46efa2d,36247215750
F1-DENSE-N100000-M200-s102,dag,100,round-1,OK,True,100,100,2.773588942999993,2.701417649,2.692063805,,2.773588942999993,76656640,2.746383,9a79e3f6347df40eeab14ace787b6ee58b854bf24971bdeab0dd3821969ead8c,735299fa1282451ff0f9dd66c81b905aab70427f0e5d5235dbd43b5109aaf987,afb7081898506524e3591af4e727461fc46efa2d,36247215750
F1-DENSE-N100000-M200-s102,des,100,round-1,OK,True,100,100,9.483086604999983,9.434984797,9.425540293,,9.483086604999983,76656640,9.46129,9a79e3f6347df40eeab14ace787b6ee58b854bf24971bdeab0dd3821969ead8c,735299fa1282451ff0f9dd66c81b905aab70427f0e5d5235dbd43b5109aaf987,afb7081898506524e3591af4e727461fc46efa2d,36247215750
F1-DENSE-N100000-M200-s102,dag,100,round-2,OK,True,100,100,2.6113951490000034,2.544528454,2.536201164,,2.6113951490000034,56680448,2.598725,9a79e3f6347df40eeab14ace787b6ee58b854bf24971bdeab0dd3821969ead8c,735299fa1282451ff0f9dd66c81b905aab70427f0e5d5235dbd43b5109aaf987,afb7081898506524e3591af4e727461fc46efa2d,36247215750
F1-DENSE-N100000-M200-s102,tsfg,100,round-2,OK,True,100,100,138.884451096,138.851052919,138.85078378,,138.884451096,75460608,138.851741,9a79e3f6347df40eeab14ace787b6ee58b854bf24971bdeab0dd3821969ead8c,735299fa1282451ff0f9dd66c81b905aab70427f0e5d5235dbd43b5109aaf987,afb7081898506524e3591af4e727461fc46efa2d,36247215750
F1-DENSE-N100000-M200-s102,des,100,round-2,OK,True,100,100,9.911627289999956,9.873841185,9.865441787,,9.911627289999956,75591680,9.89668,9a79e3f6347df40eeab14ace787b6ee58b854bf24971bdeab0dd3821969ead8c,735299fa1282451ff0f9dd66c81b905aab70427f0e5d5235dbd43b5109aaf987,afb7081898506524e3591af4e727461fc46efa2d,36247215750
F1-DENSE-N100000-M200-s102,des,100,round-2,OK,True,100,100,10.068549625000003,10.028024964,10.019474119,,10.068549625000003,75591680,10.055377,9a79e3f6347df40eeab14ace787b6ee58b854bf24971bdeab0dd3821969ead8c,735299fa1282451ff0f9dd66c81b905aab70427f0e5d5235dbd43b5109aaf987,afb7081898506524e3591af4e727461fc46efa2d,36247215750
F1-DENSE-N100000-M200-s102,tsfg,100,round-2,OK,True,100,100,139.29303384000002,139.260059679,139.259746906,,139.29303384000002,75591680,139.25780699999999,9a79e3f6347df40eeab14ace787b6ee58b854bf24971bdeab0dd3821969ead8c,735299fa1282451ff0f9dd66c81b905aab70427f0e5d5235dbd43b5109aaf987,afb7081898506524e3591af4e727461fc46efa2d,36247215750
F1-DENSE-N100000-M200-s102,dag,100,round-2,OK,True,100,100,2.6754219050000074,2.606266721,2.597393794,,2.6754219050000074,75591680,2.661823,9a79e3f6347df40eeab14ace787b6ee58b854bf24971bdeab0dd3821969ead8c,735299fa1282451ff0f9dd66c81b905aab70427f0e5d5235dbd43b5109aaf987,afb7081898506524e3591af4e727461fc46efa2d,36247215750
F1-DENSE-N100000-M200-s103,tsfg,100,round-0,OK,True,100,100,161.86169161900003,161.82590849,161.825565188,,161.86169161900003,61792256,161.766761,9a79e3f6347df40eeab14ace787b6ee58b854bf24971bdeab0dd3821969ead8c,785aa185956010199459570c7a714321477848c2d0b643984ea89d993a511632,afb7081898506524e3591af4e727461fc46efa2d,36247215750
F1-DENSE-N100000-M200-s103,des,100,round-0,OK,True,100,100,9.221223126999973,9.175975261,9.166793372,,9.221223126999973,75325440,9.20308,9a79e3f6347df40eeab14ace787b6ee58b854bf24971bdeab0dd3821969ead8c,785aa185956010199459570c7a714321477848c2d0b643984ea89d993a511632,afb7081898506524e3591af4e727461fc46efa2d,36247215750
F1-DENSE-N100000-M200-s103,dag,100,round-0,OK,True,100,100,2.724729045999993,2.653555037,2.644313348,,2.724729045999993,75362304,2.709304,9a79e3f6347df40eeab14ace787b6ee58b854bf24971bdeab0dd3821969ead8c,785aa185956010199459570c7a714321477848c2d0b643984ea89d993a511632,afb7081898506524e3591af4e727461fc46efa2d,36247215750
F1-DENSE-N100000-M200-s103,dag,100,round-0,OK,True,100,100,2.7562689110000065,2.685831956,2.67662772,,2.7562689110000065,75362304,2.743469,9a79e3f6347df40eeab14ace787b6ee58b854bf24971bdeab0dd3821969ead8c,785aa185956010199459570c7a714321477848c2d0b643984ea89d993a511632,afb7081898506524e3591af4e727461fc46efa2d,36247215750
F1-DENSE-N100000-M200-s103,des,100,round-0,OK,True,100,100,9.387275019000015,9.343168888,9.333947811,,9.387275019000015,75362304,9.371118,9a79e3f6347df40eeab14ace787b6ee58b854bf24971bdeab0dd3821969ead8c,785aa185956010199459570c7a714321477848c2d0b643984ea89d993a511632,afb7081898506524e3591af4e727461fc46efa2d,36247215750
F1-DENSE-N100000-M200-s103,tsfg,100,round-0,OK,True,100,100,160.939164704,160.904033179,160.903735733,,160.939164704,75362304,160.691258,9a79e3f6347df40eeab14ace787b6ee58b854bf24971bdeab0dd3821969ead8c,785aa185956010199459570c7a714321477848c2d0b643984ea89d993a511632,afb7081898506524e3591af4e727461fc46efa2d,36247215750
F1-DENSE-N100000-M200-s103,des,100,round-1,OK,True,100,100,9.379529896999998,9.332833847,9.323490359,,9.379529896999998,56606720,9.366254,9a79e3f6347df40eeab14ace787b6ee58b854bf24971bdeab0dd3821969ead8c,785aa185956010199459570c7a714321477848c2d0b643984ea89d993a511632,afb7081898506524e3591af4e727461fc46efa2d,36247215750
F1-DENSE-N100000-M200-s103,dag,100,round-1,OK,True,100,100,2.746633906999989,2.676707377,2.667399076,,2.746633906999989,74579968,2.7329779999999997,9a79e3f6347df40eeab14ace787b6ee58b854bf24971bdeab0dd3821969ead8c,785aa185956010199459570c7a714321477848c2d0b643984ea89d993a511632,afb7081898506524e3591af4e727461fc46efa2d,36247215750
F1-DENSE-N100000-M200-s103,tsfg,100,round-1,OK,True,100,100,160.598771587,160.563165299,160.562878675,,160.598771587,74579968,160.52791399999998,9a79e3f6347df40eeab14ace787b6ee58b854bf24971bdeab0dd3821969ead8c,785aa185956010199459570c7a714321477848c2d0b643984ea89d993a511632,afb7081898506524e3591af4e727461fc46efa2d,36247215750
F1-DENSE-N100000-M200-s103,tsfg,100,round-1,OK,True,100,100,161.03369763499995,160.998855273,160.99848303,,161.03369763499995,75104256,160.946418,9a79e3f6347df40eeab14ace787b6ee58b854bf24971bdeab0dd3821969ead8c,785aa185956010199459570c7a714321477848c2d0b643984ea89d993a511632,afb7081898506524e3591af4e727461fc46efa2d,36247215750
F1-DENSE-N100000-M200-s103,dag,100,round-1,OK,True,100,100,2.7191994249999993,2.646976121,2.637685261,,2.7191994249999993,75104256,2.7041280000000003,9a79e3f6347df40eeab14ace787b6ee58b854bf24971bdeab0dd3821969ead8c,785aa185956010199459570c7a714321477848c2d0b643984ea89d993a511632,afb7081898506524e3591af4e727461fc46efa2d,36247215750
F1-DENSE-N100000-M200-s103,des,100,round-1,OK,True,100,100,9.355879937999987,9.309269238,9.300001345,,9.355879937999987,75104256,9.343335,9a79e3f6347df40eeab14ace787b6ee58b854bf24971bdeab0dd3821969ead8c,785aa185956010199459570c7a714321477848c2d0b643984ea89d993a511632,afb7081898506524e3591af4e727461fc46efa2d,36247215750
F1-DENSE-N100000-M200-s103,dag,100,round-2,OK,True,100,100,2.3919949449999933,2.333603792,2.325600718,,2.3919949449999933,56762368,2.215583,9a79e3f6347df40eeab14ace787b6ee58b854bf24971bdeab0dd3821969ead8c,785aa185956010199459570c7a714321477848c2d0b643984ea89d993a511632,afb7081898506524e3591af4e727461fc46efa2d,36247215750
F1-DENSE-N100000-M200-s103,tsfg,100,round-2,OK,True,100,100,120.36994878099999,120.338841756,120.338414383,,120.36994878099999,75538432,120.144383,9a79e3f6347df40eeab14ace787b6ee58b854bf24971bdeab0dd3821969ead8c,785aa185956010199459570c7a714321477848c2d0b643984ea89d993a511632,afb7081898506524e3591af4e727461fc46efa2d,36247215750
F1-DENSE-N100000-M200-s103,des,100,round-2,OK,True,100,100,7.791220960000004,7.748236971,7.740135331,,7.791220960000004,77094912,7.749808,9a79e3f6347df40eeab14ace787b6ee58b854bf24971bdeab0dd3821969ead8c,785aa185956010199459570c7a714321477848c2d0b643984ea89d993a511632,afb7081898506524e3591af4e727461fc46efa2d,36247215750
F1-DENSE-N100000-M200-s103,des,100,round-2,OK,True,100,100,7.959106167000016,7.920260976,7.912223762,,7.959106167000016,77230080,7.721992999999999,9a79e3f6347df40eeab14ace787b6ee58b854bf24971bdeab0dd3821969ead8c,785aa185956010199459570c7a714321477848c2d0b643984ea89d993a511632,afb7081898506524e3591af4e727461fc46efa2d,36247215750
F1-DENSE-N100000-M200-s103,tsfg,100,round-2,OK,True,100,100,120.63884205,120.609891708,120.609472027,,120.63884205,77230080,120.504547,9a79e3f6347df40eeab14ace787b6ee58b854bf24971bdeab0dd3821969ead8c,785aa185956010199459570c7a714321477848c2d0b643984ea89d993a511632,afb7081898506524e3591af4e727461fc46efa2d,36247215750
F1-DENSE-N100000-M200-s103,dag,100,round-2,OK,True,100,100,2.503765987999998,2.438685648,2.430556494,,2.503765987999998,77623296,2.245209,9a79e3f6347df40eeab14ace787b6ee58b854bf24971bdeab0dd3821969ead8c,785aa185956010199459570c7a714321477848c2d0b643984ea89d993a511632,afb7081898506524e3591af4e727461fc46efa2d,36247215750
F1-DENSE-N1000000-M200-s101,tsfg,100,round-0,TIMEOUT,False,18,18,,,,300,300.1047755459999,490000384,299.969021,e1ed363599098afad673ef269d0864db592ad8a140e6843306276a18375eafad,926b9b6667d36ca7c205cb1c1e88db6bf2d77cf91a28797943ebde5bdae6db5d,afb7081898506524e3591af4e727461fc46efa2d,36247215750
F1-DENSE-N1000000-M200-s101,des,100,round-0,OK,True,100,100,124.5180058389999,124.109731721,124.015028867,,124.5180058389999,433098752,124.26876399999999,e1ed363599098afad673ef269d0864db592ad8a140e6843306276a18375eafad,926b9b6667d36ca7c205cb1c1e88db6bf2d77cf91a28797943ebde5bdae6db5d,afb7081898506524e3591af4e727461fc46efa2d,36247215750
F1-DENSE-N1000000-M200-s101,dag,100,round-0,OK,True,100,100,30.40896959700001,29.770549575,29.676412458,,30.40896959700001,435097600,28.110602,e1ed363599098afad673ef269d0864db592ad8a140e6843306276a18375eafad,926b9b6667d36ca7c205cb1c1e88db6bf2d77cf91a28797943ebde5bdae6db5d,afb7081898506524e3591af4e727461fc46efa2d,36247215750
F1-DENSE-N1000000-M200-s101,dag,100,round-0,OK,True,100,100,29.887449927000034,29.227669054,29.125577199,,29.887449927000034,435511296,27.50122,e1ed363599098afad673ef269d0864db592ad8a140e6843306276a18375eafad,926b9b6667d36ca7c205cb1c1e88db6bf2d77cf91a28797943ebde5bdae6db5d,afb7081898506524e3591af4e727461fc46efa2d,36247215750
F1-DENSE-N1000000-M200-s101,des,100,round-0,OK,True,100,100,142.44509916999993,142.040092165,141.945814949,,142.44509916999993,433098752,142.385805,e1ed363599098afad673ef269d0864db592ad8a140e6843306276a18375eafad,926b9b6667d36ca7c205cb1c1e88db6bf2d77cf91a28797943ebde5bdae6db5d,afb7081898506524e3591af4e727461fc46efa2d,36247215750
F1-DENSE-N1000000-M200-s101,tsfg,100,round-0,TIMEOUT,False,18,18,,,,300,300.104993488,484884480,299.9743,e1ed363599098afad673ef269d0864db592ad8a140e6843306276a18375eafad,926b9b6667d36ca7c205cb1c1e88db6bf2d77cf91a28797943ebde5bdae6db5d,afb7081898506524e3591af4e727461fc46efa2d,36247215750
F1-DENSE-N1000000-M200-s101,des,100,round-1,OK,True,100,100,143.600837774,143.278553175,143.203167796,,143.600837774,430960640,143.120628,e1ed363599098afad673ef269d0864db592ad8a140e6843306276a18375eafad,926b9b6667d36ca7c205cb1c1e88db6bf2d77cf91a28797943ebde5bdae6db5d,afb7081898506524e3591af4e727461fc46efa2d,36247215750
F1-DENSE-N1000000-M200-s101,dag,100,round-1,OK,True,100,100,28.763129651999975,28.148804001,27.929243325,,28.763129651999975,450289664,25.433785,e1ed363599098afad673ef269d0864db592ad8a140e6843306276a18375eafad,926b9b6667d36ca7c205cb1c1e88db6bf2d77cf91a28797943ebde5bdae6db5d,afb7081898506524e3591af4e727461fc46efa2d,36247215750
F1-DENSE-N1000000-M200-s101,tsfg,100,round-1,TIMEOUT,False,33,33,,,,300,300.10591775399996,508432384,299.99591799999996,e1ed363599098afad673ef269d0864db592ad8a140e6843306276a18375eafad,926b9b6667d36ca7c205cb1c1e88db6bf2d77cf91a28797943ebde5bdae6db5d,afb7081898506524e3591af4e727461fc46efa2d,36247215750
F1-DENSE-N1000000-M200-s101,tsfg,100,round-1,TIMEOUT,False,33,33,,,,300,300.1069464190001,515276800,300.00048100000004,e1ed363599098afad673ef269d0864db592ad8a140e6843306276a18375eafad,926b9b6667d36ca7c205cb1c1e88db6bf2d77cf91a28797943ebde5bdae6db5d,afb7081898506524e3591af4e727461fc46efa2d,36247215750
F1-DENSE-N1000000-M200-s101,dag,100,round-1,OK,True,100,100,28.687570685000082,28.093518158,28.000532504,,28.687570685000082,477605888,24.180183,e1ed363599098afad673ef269d0864db592ad8a140e6843306276a18375eafad,926b9b6667d36ca7c205cb1c1e88db6bf2d77cf91a28797943ebde5bdae6db5d,afb7081898506524e3591af4e727461fc46efa2d,36247215750
F1-DENSE-N1000000-M200-s101,des,100,round-1,OK,True,100,100,135.96087069400005,135.626083625,135.546942193,,135.96087069400005,477605888,135.354617,e1ed363599098afad673ef269d0864db592ad8a140e6843306276a18375eafad,926b9b6667d36ca7c205cb1c1e88db6bf2d77cf91a28797943ebde5bdae6db5d,afb7081898506524e3591af4e727461fc46efa2d,36247215750
F1-DENSE-N1000000-M200-s101,dag,100,round-2,OK,True,100,100,29.230569412000023,28.627656369,28.542818049,,29.230569412000023,434487296,24.913325,e1ed363599098afad673ef269d0864db592ad8a140e6843306276a18375eafad,926b9b6667d36ca7c205cb1c1e88db6bf2d77cf91a28797943ebde5bdae6db5d,afb7081898506524e3591af4e727461fc46efa2d,36247215750
F1-DENSE-N1000000-M200-s101,tsfg,100,round-2,TIMEOUT,False,33,33,,,,300,300.10631371700003,504578048,299.93888599999997,e1ed363599098afad673ef269d0864db592ad8a140e6843306276a18375eafad,926b9b6667d36ca7c205cb1c1e88db6bf2d77cf91a28797943ebde5bdae6db5d,afb7081898506524e3591af4e727461fc46efa2d,36247215750
F1-DENSE-N1000000-M200-s101,des,100,round-2,OK,True,100,100,132.2560021779999,131.942235056,131.855013625,,132.2560021779999,450682880,131.86014600000001,e1ed363599098afad673ef269d0864db592ad8a140e6843306276a18375eafad,926b9b6667d36ca7c205cb1c1e88db6bf2d77cf91a28797943ebde5bdae6db5d,afb7081898506524e3591af4e727461fc46efa2d,36247215750
F1-DENSE-N1000000-M200-s101,des,100,round-2,OK,True,100,100,142.21337734500003,141.884892764,141.804319,,142.21337734500003,450682880,141.66379700000002,e1ed363599098afad673ef269d0864db592ad8a140e6843306276a18375eafad,926b9b6667d36ca7c205cb1c1e88db6bf2d77cf91a28797943ebde5bdae6db5d,afb7081898506524e3591af4e727461fc46efa2d,36247215750
F1-DENSE-N1000000-M200-s101,tsfg,100,round-2,TIMEOUT,False,33,33,,,,300,300.1026006930001,531046400,299.983686,e1ed363599098afad673ef269d0864db592ad8a140e6843306276a18375eafad,926b9b6667d36ca7c205cb1c1e88db6bf2d77cf91a28797943ebde5bdae6db5d,afb7081898506524e3591af4e727461fc46efa2d,36247215750
F1-DENSE-N1000000-M200-s101,dag,100,round-2,OK,True,100,100,25.907199664000018,25.302872553,25.220325365,,25.907199664000018,450682880,24.376376,e1ed363599098afad673ef269d0864db592ad8a140e6843306276a18375eafad,926b9b6667d36ca7c205cb1c1e88db6bf2d77cf91a28797943ebde5bdae6db5d,afb7081898506524e3591af4e727461fc46efa2d,36247215750
F1-DENSE-N1000000-M200-s102,tsfg,100,round-0,TIMEOUT,False,18,18,,,,300,300.104183819,507080704,299.960176,e1ed363599098afad673ef269d0864db592ad8a140e6843306276a18375eafad,50ea809c0ddc51bfee6d554ad8b2c5e87d41aab6077fe1d607af7d4e8cc017e1,afb7081898506524e3591af4e727461fc46efa2d,36247215750
F1-DENSE-N1000000-M200-s102,des,100,round-0,OK,True,100,100,122.48568214900001,122.078663613,121.987714247,,122.48568214900001,433573888,122.362347,e1ed363599098afad673ef269d0864db592ad8a140e6843306276a18375eafad,50ea809c0ddc51bfee6d554ad8b2c5e87d41aab6077fe1d607af7d4e8cc017e1,afb7081898506524e3591af4e727461fc46efa2d,36247215750
F1-DENSE-N1000000-M200-s102,dag,100,round-0,OK,True,100,100,30.284162563999985,29.615340257,29.521221295,,30.284162563999985,460394496,28.006081,e1ed363599098afad673ef269d0864db592ad8a140e6843306276a18375eafad,50ea809c0ddc51bfee6d554ad8b2c5e87d41aab6077fe1d607af7d4e8cc017e1,afb7081898506524e3591af4e727461fc46efa2d,36247215750
F1-DENSE-N1000000-M200-s102,dag,100,round-0,OK,True,100,100,28.878644748999932,28.224276014,28.129848677,,28.878644748999932,487112704,28.085637,e1ed363599098afad673ef269d0864db592ad8a140e6843306276a18375eafad,50ea809c0ddc51bfee6d554ad8b2c5e87d41aab6077fe1d607af7d4e8cc017e1,afb7081898506524e3591af4e727461fc46efa2d,36247215750
F1-DENSE-N1000000-M200-s102,des,100,round-0,OK,True,100,100,120.66734927300001,120.271197538,120.179678081,,120.66734927300001,487198720,120.597194,e1ed363599098afad673ef269d0864db592ad8a140e6843306276a18375eafad,50ea809c0ddc51bfee6d554ad8b2c5e87d41aab6077fe1d607af7d4e8cc017e1,afb7081898506524e3591af4e727461fc46efa2d,36247215750
F1-DENSE-N1000000-M200-s102,tsfg,100,round-0,TIMEOUT,False,18,18,,,,300,300.105858315,490946560,299.980935,e1ed363599098afad673ef269d0864db592ad8a140e6843306276a18375eafad,50ea809c0ddc51bfee6d554ad8b2c5e87d41aab6077fe1d607af7d4e8cc017e1,afb7081898506524e3591af4e727461fc46efa2d,36247215750
F1-DENSE-N1000000-M200-s102,des,100,round-1,OK,True,100,100,124.51414444000002,124.12672201,124.036027748,,124.51414444000002,430198784,124.392527,e1ed363599098afad673ef269d0864db592ad8a140e6843306276a18375eafad,50ea809c0ddc51bfee6d554ad8b2c5e87d41aab6077fe1d607af7d4e8cc017e1,afb7081898506524e3591af4e727461fc46efa2d,36247215750
F1-DENSE-N1000000-M200-s102,dag,100,round-1,OK,True,100,100,30.474192404000007,29.825205914,29.730786601,,30.474192404000007,442392576,28.033762,e1ed363599098afad673ef269d0864db592ad8a140e6843306276a18375eafad,50ea809c0ddc51bfee6d554ad8b2c5e87d41aab6077fe1d607af7d4e8cc017e1,afb7081898506524e3591af4e727461fc46efa2d,36247215750
F1-DENSE-N1000000-M200-s102,tsfg,100,round-1,TIMEOUT,False,18,18,,,,300,300.106795132,509300736,300.050196,e1ed363599098afad673ef269d0864db592ad8a140e6843306276a18375eafad,50ea809c0ddc51bfee6d554ad8b2c5e87d41aab6077fe1d607af7d4e8cc017e1,afb7081898506524e3591af4e727461fc46efa2d,36247215750
F1-DENSE-N1000000-M200-s102,tsfg,100,round-1,TIMEOUT,False,18,18,,,,300,300.10654401700015,509415424,300.052706,e1ed363599098afad673ef269d0864db592ad8a140e6843306276a18375eafad,50ea809c0ddc51bfee6d554ad8b2c5e87d41aab6077fe1d607af7d4e8cc017e1,afb7081898506524e3591af4e727461fc46efa2d,36247215750
F1-DENSE-N1000000-M200-s102,dag,100,round-1,OK,True,100,100,28.724503456000093,28.085459104,27.9903614,,28.724503456000093,453484544,27.545896,e1ed363599098afad673ef269d0864db592ad8a140e6843306276a18375eafad,50ea809c0ddc51bfee6d554ad8b2c5e87d41aab6077fe1d607af7d4e8cc017e1,afb7081898506524e3591af4e727461fc46efa2d,36247215750
F1-DENSE-N1000000-M200-s102,des,100,round-1,OK,True,100,100,121.90352144600001,121.516374574,121.425274653,,121.90352144600001,453484544,121.780786,e1ed363599098afad673ef269d0864db592ad8a140e6843306276a18375eafad,50ea809c0ddc51bfee6d554ad8b2c5e87d41aab6077fe1d607af7d4e8cc017e1,afb7081898506524e3591af4e727461fc46efa2d,36247215750
F1-DENSE-N1000000-M200-s102,dag,100,round-2,OK,True,100,100,29.534424599999966,28.874313551,28.779771901,,29.534424599999966,436699136,28.087872,e1ed363599098afad673ef269d0864db592ad8a140e6843306276a18375eafad,50ea809c0ddc51bfee6d554ad8b2c5e87d41aab6077fe1d607af7d4e8cc017e1,afb7081898506524e3591af4e727461fc46efa2d,36247215750
F1-DENSE-N1000000-M200-s102,tsfg,100,round-2,TIMEOUT,False,18,18,,,,300,300.10540785100005,473993216,300.005237,e1ed363599098afad673ef269d0864db592ad8a140e6843306276a18375eafad,50ea809c0ddc51bfee6d554ad8b2c5e87d41aab6077fe1d607af7d4e8cc017e1,afb7081898506524e3591af4e727461fc46efa2d,36247215750
F1-DENSE-N1000000-M200-s102,des,100,round-2,OK,True,100,100,130.92397557999993,130.510725328,130.418554988,,130.92397557999993,460414976,130.72097799999997,e1ed363599098afad673ef269d0864db592ad8a140e6843306276a18375eafad,50ea809c0ddc51bfee6d554ad8b2c5e87d41aab6077fe1d607af7d4e8cc017e1,afb7081898506524e3591af4e727461fc46efa2d,36247215750
F1-DENSE-N1000000-M200-s102,des,100,round-2,OK,True,100,100,129.1693367549999,128.745007291,128.653412832,,129.1693367549999,462655488,128.99743899999999,e1ed363599098afad673ef269d0864db592ad8a140e6843306276a18375eafad,50ea809c0ddc51bfee6d554ad8b2c5e87d41aab6077fe1d607af7d4e8cc017e1,afb7081898506524e3591af4e727461fc46efa2d,36247215750
F1-DENSE-N1000000-M200-s102,tsfg,100,round-2,TIMEOUT,False,18,18,,,,300,300.10406534599997,499253248,300.010826,e1ed363599098afad673ef269d0864db592ad8a140e6843306276a18375eafad,50ea809c0ddc51bfee6d554ad8b2c5e87d41aab6077fe1d607af7d4e8cc017e1,afb7081898506524e3591af4e727461fc46efa2d,36247215750
F1-DENSE-N1000000-M200-s102,dag,100,round-2,OK,True,100,100,30.60542964399997,29.965259371,29.776803139,,30.60542964399997,468967424,28.143721000000003,e1ed363599098afad673ef269d0864db592ad8a140e6843306276a18375eafad,50ea809c0ddc51bfee6d554ad8b2c5e87d41aab6077fe1d607af7d4e8cc017e1,afb7081898506524e3591af4e727461fc46efa2d,36247215750
F1-DENSE-N1000000-M200-s103,tsfg,100,round-0,TIMEOUT,False,18,18,,,,300,300.10457388899994,470904832,299.96752499999997,e1ed363599098afad673ef269d0864db592ad8a140e6843306276a18375eafad,ee33c21b2d3d0ba6230fafc116278595b45443fd9e692682d935864755149ee8,afb7081898506524e3591af4e727461fc46efa2d,36247215750
F1-DENSE-N1000000-M200-s103,des,100,round-0,OK,True,100,100,130.617430388,130.216283783,130.125218608,,130.617430388,428773376,130.27795799999998,e1ed363599098afad673ef269d0864db592ad8a140e6843306276a18375eafad,ee33c21b2d3d0ba6230fafc116278595b45443fd9e692682d935864755149ee8,afb7081898506524e3591af4e727461fc46efa2d,36247215750
F1-DENSE-N1000000-M200-s103,dag,100,round-0,OK,True,100,100,30.614624146999972,29.953328505,29.859185682,,30.614624146999972,454221824,27.596999999999998,e1ed363599098afad673ef269d0864db592ad8a140e6843306276a18375eafad,ee33c21b2d3d0ba6230fafc116278595b45443fd9e692682d935864755149ee8,afb7081898506524e3591af4e727461fc46efa2d,36247215750
F1-DENSE-N1000000-M200-s103,dag,100,round-0,OK,True,100,100,30.482595301999936,29.849759245,29.755467993,,30.482595301999936,460963840,27.478205,e1ed363599098afad673ef269d0864db592ad8a140e6843306276a18375eafad,ee33c21b2d3d0ba6230fafc116278595b45443fd9e692682d935864755149ee8,afb7081898506524e3591af4e727461fc46efa2d,36247215750
F1-DENSE-N1000000-M200-s103,des,100,round-0,OK,True,100,100,130.38866476599992,129.984911049,129.893572283,,130.38866476599992,460963840,130.30351900000002,e1ed363599098afad673ef269d0864db592ad8a140e6843306276a18375eafad,ee33c21b2d3d0ba6230fafc116278595b45443fd9e692682d935864755149ee8,afb7081898506524e3591af4e727461fc46efa2d,36247215750
F1-DENSE-N1000000-M200-s103,tsfg,100,round-0,TIMEOUT,False,19,19,,,,300,300.104880566,483487744,299.964264,e1ed363599098afad673ef269d0864db592ad8a140e6843306276a18375eafad,ee33c21b2d3d0ba6230fafc116278595b45443fd9e692682d935864755149ee8,afb7081898506524e3591af4e727461fc46efa2d,36247215750
F1-DENSE-N1000000-M200-s103,des,100,round-1,OK,True,100,100,133.62057015099998,133.202167057,133.110201359,,133.62057015099998,430039040,133.503875,e1ed363599098afad673ef269d0864db592ad8a140e6843306276a18375eafad,ee33c21b2d3d0ba6230fafc116278595b45443fd9e692682d935864755149ee8,afb7081898506524e3591af4e727461fc46efa2d,36247215750
F1-DENSE-N1000000-M200-s103,dag,100,round-1,OK,True,100,100,30.081621942000027,29.429169296,29.333591279,,30.081621942000027,451432448,27.912125000000003,e1ed363599098afad673ef269d0864db592ad8a140e6843306276a18375eafad,ee33c21b2d3d0ba6230fafc116278595b45443fd9e692682d935864755149ee8,afb7081898506524e3591af4e727461fc46efa2d,36247215750
F1-DENSE-N1000000-M200-s103,tsfg,100,round-1,TIMEOUT,False,18,18,,,,300,300.10483781100004,507088896,300.040196,e1ed363599098afad673ef269d0864db592ad8a140e6843306276a18375eafad,ee33c21b2d3d0ba6230fafc116278595b45443fd9e692682d935864755149ee8,afb7081898506524e3591af4e727461fc46efa2d,36247215750
F1-DENSE-N1000000-M200-s103,tsfg,100,round-1,TIMEOUT,False,18,18,,,,300,300.1063877669999,487759872,300.042276,e1ed363599098afad673ef269d0864db592ad8a140e6843306276a18375eafad,ee33c21b2d3d0ba6230fafc116278595b45443fd9e692682d935864755149ee8,afb7081898506524e3591af4e727461fc46efa2d,36247215750
F1-DENSE-N1000000-M200-s103,dag,100,round-1,OK,True,100,100,28.903120639999997,28.256896286,28.031231331,,28.903120639999997,451432448,27.746475,e1ed363599098afad673ef269d0864db592ad8a140e6843306276a18375eafad,ee33c21b2d3d0ba6230fafc116278595b45443fd9e692682d935864755149ee8,afb7081898506524e3591af4e727461fc46efa2d,36247215750
F1-DENSE-N1000000-M200-s103,des,100,round-1,OK,True,100,100,136.0829857440001,135.680641695,135.589757281,,136.0829857440001,451432448,136.025192,e1ed363599098afad673ef269d0864db592ad8a140e6843306276a18375eafad,ee33c21b2d3d0ba6230fafc116278595b45443fd9e692682d935864755149ee8,afb7081898506524e3591af4e727461fc46efa2d,36247215750
F1-DENSE-N1000000-M200-s103,dag,100,round-2,OK,True,100,100,29.96205761300007,29.325600708,29.160813935,,29.96205761300007,435511296,28.284368,e1ed363599098afad673ef269d0864db592ad8a140e6843306276a18375eafad,ee33c21b2d3d0ba6230fafc116278595b45443fd9e692682d935864755149ee8,afb7081898506524e3591af4e727461fc46efa2d,36247215750
F1-DENSE-N1000000-M200-s103,tsfg,100,round-2,TIMEOUT,False,18,18,,,,300,300.10619958300003,479842304,299.95597200000003,e1ed363599098afad673ef269d0864db592ad8a140e6843306276a18375eafad,ee33c21b2d3d0ba6230fafc116278595b45443fd9e692682d935864755149ee8,afb7081898506524e3591af4e727461fc46efa2d,36247215750
F1-DENSE-N1000000-M200-s103,des,100,round-2,OK,True,100,100,147.996157208,147.581605475,147.49002145,,147.996157208,432943104,147.79231800000002,e1ed363599098afad673ef269d0864db592ad8a140e6843306276a18375eafad,ee33c21b2d3d0ba6230fafc116278595b45443fd9e692682d935864755149ee8,afb7081898506524e3591af4e727461fc46efa2d,36247215750
F1-DENSE-N1000000-M200-s103,des,100,round-2,OK,True,100,100,150.6482059550001,150.248924289,150.157173153,,150.6482059550001,434016256,150.563158,e1ed363599098afad673ef269d0864db592ad8a140e6843306276a18375eafad,ee33c21b2d3d0ba6230fafc116278595b45443fd9e692682d935864755149ee8,afb7081898506524e3591af4e727461fc46efa2d,36247215750
F1-DENSE-N1000000-M200-s103,tsfg,100,round-2,TIMEOUT,False,18,18,,,,300,300.10554598199997,503382016,299.97029399999997,e1ed363599098afad673ef269d0864db592ad8a140e6843306276a18375eafad,ee33c21b2d3d0ba6230fafc116278595b45443fd9e692682d935864755149ee8,afb7081898506524e3591af4e727461fc46efa2d,36247215750
F1-DENSE-N1000000-M200-s103,dag,100,round-2,OK,True,100,100,30.56473454700017,29.89642997,29.780696495,,30.56473454700017,436072448,27.828124000000003,e1ed363599098afad673ef269d0864db592ad8a140e6843306276a18375eafad,ee33c21b2d3d0ba6230fafc116278595b45443fd9e692682d935864755149ee8,afb7081898506524e3591af4e727461fc46efa2d,36247215750
F1-SPARSE-N100000-M200-s101,tsfg,100,round-0,TIMEOUT,False,83,83,,,,300,300.101124651,66105344,299.832447,934d21fa24533b374555d5919147527a0953c98fdbb19ab0f7fe23210ab02e40,84aa1209e30b685c46335f1bc99ae46d6a867ce4378d90f6af1926ff53203c84,afb7081898506524e3591af4e727461fc46efa2d,36247215750
F1-SPARSE-N100000-M200-s101,des,100,round-0,OK,True,100,100,12.007509693999964,11.965749004,11.879750126,,12.007509693999964,74498048,11.306447,934d21fa24533b374555d5919147527a0953c98fdbb19ab0f7fe23210ab02e40,84aa1209e30b685c46335f1bc99ae46d6a867ce4378d90f6af1926ff53203c84,afb7081898506524e3591af4e727461fc46efa2d,36247215750
F1-SPARSE-N100000-M200-s101,dag,100,round-0,OK,True,100,100,2.669963783000071,2.592736253,2.585186997,,2.669963783000071,74498048,2.630172,934d21fa24533b374555d5919147527a0953c98fdbb19ab0f7fe23210ab02e40,84aa1209e30b685c46335f1bc99ae46d6a867ce4378d90f6af1926ff53203c84,afb7081898506524e3591af4e727461fc46efa2d,36247215750
F1-SPARSE-N100000-M200-s101,dag,100,round-0,OK,True,100,100,2.7310883679999733,2.651946253,2.644318482,,2.7310883679999733,76197888,2.64615,934d21fa24533b374555d5919147527a0953c98fdbb19ab0f7fe23210ab02e40,84aa1209e30b685c46335f1bc99ae46d6a867ce4378d90f6af1926ff53203c84,afb7081898506524e3591af4e727461fc46efa2d,36247215750
F1-SPARSE-N100000-M200-s101,des,100,round-0,OK,True,100,100,11.549715979999974,11.506904001,11.498664635,,11.549715979999974,76197888,11.363822,934d21fa24533b374555d5919147527a0953c98fdbb19ab0f7fe23210ab02e40,84aa1209e30b685c46335f1bc99ae46d6a867ce4378d90f6af1926ff53203c84,afb7081898506524e3591af4e727461fc46efa2d,36247215750
F1-SPARSE-N100000-M200-s101,tsfg,100,round-0,TIMEOUT,False,83,83,,,,300,300.102527455,76197888,299.84385100000003,934d21fa24533b374555d5919147527a0953c98fdbb19ab0f7fe23210ab02e40,84aa1209e30b685c46335f1bc99ae46d6a867ce4378d90f6af1926ff53203c84,afb7081898506524e3591af4e727461fc46efa2d,36247215750
F1-SPARSE-N100000-M200-s101,des,100,round-1,OK,True,100,100,10.888101814999985,10.839851995,10.830655276,,10.888101814999985,57257984,10.873517,934d21fa24533b374555d5919147527a0953c98fdbb19ab0f7fe23210ab02e40,84aa1209e30b685c46335f1bc99ae46d6a867ce4378d90f6af1926ff53203c84,afb7081898506524e3591af4e727461fc46efa2d,36247215750
F1-SPARSE-N100000-M200-s101,dag,100,round-1,OK,True,100,100,3.0911303120000184,3.006908831,2.997798615,,3.0911303120000184,73547776,3.067925,934d21fa24533b374555d5919147527a0953c98fdbb19ab0f7fe23210ab02e40,84aa1209e30b685c46335f1bc99ae46d6a867ce4378d90f6af1926ff53203c84,afb7081898506524e3591af4e727461fc46efa2d,36247215750
F1-SPARSE-N100000-M200-s101,tsfg,100,round-1,TIMEOUT,False,62,62,,,,300,300.10309954699994,73547776,300.03938800000003,934d21fa24533b374555d5919147527a0953c98fdbb19ab0f7fe23210ab02e40,84aa1209e30b685c46335f1bc99ae46d6a867ce4378d90f6af1926ff53203c84,afb7081898506524e3591af4e727461fc46efa2d,36247215750
F1-SPARSE-N100000-M200-s101,tsfg,100,round-1,TIMEOUT,False,62,62,,,,300,300.10163760600005,73547776,300.042929,934d21fa24533b374555d5919147527a0953c98fdbb19ab0f7fe23210ab02e40,84aa1209e30b685c46335f1bc99ae46d6a867ce4378d90f6af1926ff53203c84,afb7081898506524e3591af4e727461fc46efa2d,36247215750
F1-SPARSE-N100000-M200-s101,dag,100,round-1,OK,True,100,100,3.0653381760000684,2.976966456,2.967853665,,3.0653381760000684,73547776,3.049679,934d21fa24533b374555d5919147527a0953c98fdbb19ab0f7fe23210ab02e40,84aa1209e30b685c46335f1bc99ae46d6a867ce4378d90f6af1926ff53203c84,afb7081898506524e3591af4e727461fc46efa2d,36247215750
F1-SPARSE-N100000-M200-s101,des,100,round-1,OK,True,100,100,10.772579263000011,10.721115666,10.711930286,,10.772579263000011,73547776,10.759487,934d21fa24533b374555d5919147527a0953c98fdbb19ab0f7fe23210ab02e40,84aa1209e30b685c46335f1bc99ae46d6a867ce4378d90f6af1926ff53203c84,afb7081898506524e3591af4e727461fc46efa2d,36247215750
F1-SPARSE-N100000-M200-s101,dag,100,round-2,OK,True,100,100,3.081751815000004,2.998567791,2.988096935,,3.081751815000004,56954880,3.064585,934d21fa24533b374555d5919147527a0953c98fdbb19ab0f7fe23210ab02e40,84aa1209e30b685c46335f1bc99ae46d6a867ce4378d90f6af1926ff53203c84,afb7081898506524e3591af4e727461fc46efa2d,36247215750
F1-SPARSE-N100000-M200-s101,tsfg,100,round-2,TIMEOUT,False,62,62,,,,300,300.102540049,74051584,299.96188,934d21fa24533b374555d5919147527a0953c98fdbb19ab0f7fe23210ab02e40,84aa1209e30b685c46335f1bc99ae46d6a867ce4378d90f6af1926ff53203c84,afb7081898506524e3591af4e727461fc46efa2d,36247215750
F1-SPARSE-N100000-M200-s101,des,100,round-2,OK,True,100,100,11.901222599999983,11.849028471,11.839752176,,11.901222599999983,74969088,11.883816000000001,934d21fa24533b374555d5919147527a0953c98fdbb19ab0f7fe23210ab02e40,84aa1209e30b685c46335f1bc99ae46d6a867ce4378d90f6af1926ff53203c84,afb7081898506524e3591af4e727461fc46efa2d,36247215750
F1-SPARSE-N100000-M200-s101,des,100,round-2,OK,True,100,100,10.973882254999978,10.928042712,10.918753915,,10.973882254999978,74969088,10.955502,934d21fa24533b374555d5919147527a0953c98fdbb19ab0f7fe23210ab02e40,84aa1209e30b685c46335f1bc99ae46d6a867ce4378d90f6af1926ff53203c84,afb7081898506524e3591af4e727461fc46efa2d,36247215750
F1-SPARSE-N100000-M200-s101,tsfg,100,round-2,TIMEOUT,False,62,62,,,,300,300.103238526,75067392,299.975341,934d21fa24533b374555d5919147527a0953c98fdbb19ab0f7fe23210ab02e40,84aa1209e30b685c46335f1bc99ae46d6a867ce4378d90f6af1926ff53203c84,afb7081898506524e3591af4e727461fc46efa2d,36247215750
F1-SPARSE-N100000-M200-s101,dag,100,round-2,OK,True,100,100,3.205128928000022,3.082281303,3.07288103,,3.205128928000022,76550144,3.1912779999999996,934d21fa24533b374555d5919147527a0953c98fdbb19ab0f7fe23210ab02e40,84aa1209e30b685c46335f1bc99ae46d6a867ce4378d90f6af1926ff53203c84,afb7081898506524e3591af4e727461fc46efa2d,36247215750
F1-SPARSE-N100000-M200-s102,tsfg,100,round-0,TIMEOUT,False,65,65,,,,300,300.10146870100004,62861312,300.02288699999997,9f66998e3cd112d642046ac6a94ecea7e6585c8d47ecac3b560c33d134b6b4a8,7a61c2f115801e44ab1cc3b55be3adda5a87b53e3d70d8f03a14342b48315690,afb7081898506524e3591af4e727461fc46efa2d,36247215750
F1-SPARSE-N100000-M200-s102,des,100,round-0,OK,True,100,100,11.72306904300001,11.666141996,11.656054096,,11.72306904300001,75726848,11.714277999999998,9f66998e3cd112d642046ac6a94ecea7e6585c8d47ecac3b560c33d134b6b4a8,7a61c2f115801e44ab1cc3b55be3adda5a87b53e3d70d8f03a14342b48315690,afb7081898506524e3591af4e727461fc46efa2d,36247215750
F1-SPARSE-N100000-M200-s102,dag,100,round-0,OK,True,100,100,3.238486136000006,3.135620876,3.125412177,,3.238486136000006,75726848,3.230139,9f66998e3cd112d642046ac6a94ecea7e6585c8d47ecac3b560c33d134b6b4a8,7a61c2f115801e44ab1cc3b55be3adda5a87b53e3d70d8f03a14342b48315690,afb7081898506524e3591af4e727461fc46efa2d,36247215750
F1-SPARSE-N100000-M200-s102,dag,100,round-0,OK,True,100,100,3.346762331999969,3.2482737,3.238221192,,3.346762331999969,75726848,3.337064,9f66998e3cd112d642046ac6a94ecea7e6585c8d47ecac3b560c33d134b6b4a8,7a61c2f115801e44ab1cc3b55be3adda5a87b53e3d70d8f03a14342b48315690,afb7081898506524e3591af4e727461fc46efa2d,36247215750
F1-SPARSE-N100000-M200-s102,des,100,round-0,OK,True,100,100,11.926566766999997,11.870529111,11.860389355,,11.926566766999997,75726848,11.90906,9f66998e3cd112d642046ac6a94ecea7e6585c8d47ecac3b560c33d134b6b4a8,7a61c2f115801e44ab1cc3b55be3adda5a87b53e3d70d8f03a14342b48315690,afb7081898506524e3591af4e727461fc46efa2d,36247215750
F1-SPARSE-N100000-M200-s102,tsfg,100,round-0,TIMEOUT,False,65,65,,,,300,300.103334458,75726848,300.03243,9f66998e3cd112d642046ac6a94ecea7e6585c8d47ecac3b560c33d134b6b4a8,7a61c2f115801e44ab1cc3b55be3adda5a87b53e3d70d8f03a14342b48315690,afb7081898506524e3591af4e727461fc46efa2d,36247215750
F1-SPARSE-N100000-M200-s102,des,100,round-1,OK,True,100,100,11.47997159800002,11.425731351,11.41629914,,11.47997159800002,57081856,11.455012,9f66998e3cd112d642046ac6a94ecea7e6585c8d47ecac3b560c33d134b6b4a8,7a61c2f115801e44ab1cc3b55be3adda5a87b53e3d70d8f03a14342b48315690,afb7081898506524e3591af4e727461fc46efa2d,36247215750
F1-SPARSE-N100000-M200-s102,dag,100,round-1,OK,True,100,100,3.150841112999956,3.058720727,3.049450661,,3.150841112999956,75796480,3.1370129999999996,9f66998e3cd112d642046ac6a94ecea7e6585c8d47ecac3b560c33d134b6b4a8,7a61c2f115801e44ab1cc3b55be3adda5a87b53e3d70d8f03a14342b48315690,afb7081898506524e3591af4e727461fc46efa2d,36247215750
F1-SPARSE-N100000-M200-s102,tsfg,100,round-1,TIMEOUT,False,62,62,,,,300,300.10265869299997,75915264,299.99408900000003,9f66998e3cd112d642046ac6a94ecea7e6585c8d47ecac3b560c33d134b6b4a8,7a61c2f115801e44ab1cc3b55be3adda5a87b53e3d70d8f03a14342b48315690,afb7081898506524e3591af4e727461fc46efa2d,36247215750
F1-SPARSE-N100000-M200-s102,tsfg,100,round-1,TIMEOUT,False,62,62,,,,300,300.10325728600003,77910016,299.992818,9f66998e3cd112d642046ac6a94ecea7e6585c8d47ecac3b560c33d134b6b4a8,7a61c2f115801e44ab1cc3b55be3adda5a87b53e3d70d8f03a14342b48315690,afb7081898506524e3591af4e727461fc46efa2d,36247215750
F1-SPARSE-N100000-M200-s102,dag,100,round-1,OK,True,100,100,3.1928749399999106,3.098715607,3.089349792,,3.1928749399999106,77910016,3.182537,9f66998e3cd112d642046ac6a94ecea7e6585c8d47ecac3b560c33d134b6b4a8,7a61c2f115801e44ab1cc3b55be3adda5a87b53e3d70d8f03a14342b48315690,afb7081898506524e3591af4e727461fc46efa2d,36247215750
F1-SPARSE-N100000-M200-s102,des,100,round-1,OK,True,100,100,11.531778507000013,11.475939773,11.466419939,,11.531778507000013,77910016,11.516691,9f66998e3cd112d642046ac6a94ecea7e6585c8d47ecac3b560c33d134b6b4a8,7a61c2f115801e44ab1cc3b55be3adda5a87b53e3d70d8f03a14342b48315690,afb7081898506524e3591af4e727461fc46efa2d,36247215750
F1-SPARSE-N100000-M200-s102,dag,100,round-2,OK,True,100,100,3.223046990999933,3.118129099,3.108696912,,3.223046990999933,57049088,3.209266,9f66998e3cd112d642046ac6a94ecea7e6585c8d47ecac3b560c33d134b6b4a8,7a61c2f115801e44ab1cc3b55be3adda5a87b53e3d70d8f03a14342b48315690,afb7081898506524e3591af4e727461fc46efa2d,36247215750
F1-SPARSE-N100000-M200-s102,tsfg,100,round-2,TIMEOUT,False,62,62,,,,300,300.1020772940001,74260480,300.013117,9f66998e3cd112d642046ac6a94ecea7e6585c8d47ecac3b560c33d134b6b4a8,7a61c2f115801e44ab1cc3b55be3adda5a87b53e3d70d8f03a14342b48315690,afb7081898506524e3591af4e727461fc46efa2d,36247215750
F1-SPARSE-N100000-M200-s102,des,100,round-2,OK,True,100,100,11.492919643999926,11.444127204,11.434713731,,11.492919643999926,74260480,11.479123999999999,9f66998e3cd112d642046ac6a94ecea7e6585c8d47ecac3b560c33d134b6b4a8,7a61c2f115801e44ab1cc3b55be3adda5a87b53e3d70d8f03a14342b48315690,afb7081898506524e3591af4e727461fc46efa2d,36247215750
F1-SPARSE-N100000-M200-s102,des,100,round-2,OK,True,100,100,11.34415173100001,11.294719998,11.285418126,,11.34415173100001,76673024,11.294232000000001,9f66998e3cd112d642046ac6a94ecea7e6585c8d47ecac3b560c33d134b6b4a8,7a61c2f115801e44ab1cc3b55be3adda5a87b53e3d70d8f03a14342b48315690,afb7081898506524e3591af4e727461fc46efa2d,36247215750
F1-SPARSE-N100000-M200-s102,tsfg,100,round-2,TIMEOUT,False,62,62,,,,300,300.10186516,76673024,300.01527500000003,9f66998e3cd112d642046ac6a94ecea7e6585c8d47ecac3b560c33d134b6b4a8,7a61c2f115801e44ab1cc3b55be3adda5a87b53e3d70d8f03a14342b48315690,afb7081898506524e3591af4e727461fc46efa2d,36247215750
F1-SPARSE-N100000-M200-s102,dag,100,round-2,OK,True,100,100,3.240711395000062,3.142033201,3.132562391,,3.240711395000062,76673024,3.227451,9f66998e3cd112d642046ac6a94ecea7e6585c8d47ecac3b560c33d134b6b4a8,7a61c2f115801e44ab1cc3b55be3adda5a87b53e3d70d8f03a14342b48315690,afb7081898506524e3591af4e727461fc46efa2d,36247215750
F1-SPARSE-N100000-M200-s103,tsfg,100,round-0,OK,True,100,100,250.30473169899997,250.282883521,250.282553153,,250.30473169899997,80502784,250.23688900000002,b6f3f6316fc3ea4cc82b3756638dcbfe093dc9e8550b124f7b76c6fef8fd6c7d,094470ab289c7ada843f2b288b6756cecd0b9ef11e6d70f2ecc84a3d2d1a28fb,afb7081898506524e3591af4e727461fc46efa2d,36247215750
F1-SPARSE-N100000-M200-s103,des,100,round-0,OK,True,100,100,6.5905648379999775,6.561658224,6.55700538,,6.5905648379999775,75493376,6.5637989999999995,b6f3f6316fc3ea4cc82b3756638dcbfe093dc9e8550b124f7b76c6fef8fd6c7d,094470ab289c7ada843f2b288b6756cecd0b9ef11e6d70f2ecc84a3d2d1a28fb,afb7081898506524e3591af4e727461fc46efa2d,36247215750
F1-SPARSE-N100000-M200-s103,dag,100,round-0,OK,True,100,100,1.7591118919999644,1.708752865,1.704057728,,1.7591118919999644,76480512,1.7367599999999999,b6f3f6316fc3ea4cc82b3756638dcbfe093dc9e8550b124f7b76c6fef8fd6c7d,094470ab289c7ada843f2b288b6756cecd0b9ef11e6d70f2ecc84a3d2d1a28fb,afb7081898506524e3591af4e727461fc46efa2d,36247215750
F1-SPARSE-N100000-M200-s103,dag,100,round-0,OK,True,100,100,1.725843822999991,1.674066529,1.669259414,,1.725843822999991,76480512,1.702606,b6f3f6316fc3ea4cc82b3756638dcbfe093dc9e8550b124f7b76c6fef8fd6c7d,094470ab289c7ada843f2b288b6756cecd0b9ef11e6d70f2ecc84a3d2d1a28fb,afb7081898506524e3591af4e727461fc46efa2d,36247215750
F1-SPARSE-N100000-M200-s103,des,100,round-0,OK,True,100,100,6.556357151000043,6.52846306,6.523602362,,6.556357151000043,76529664,6.5307960000000005,b6f3f6316fc3ea4cc82b3756638dcbfe093dc9e8550b124f7b76c6fef8fd6c7d,094470ab289c7ada843f2b288b6756cecd0b9ef11e6d70f2ecc84a3d2d1a28fb,afb7081898506524e3591af4e727461fc46efa2d,36247215750
F1-SPARSE-N100000-M200-s103,tsfg,100,round-0,OK,True,100,100,250.56927665299997,250.54800189,250.547657213,,250.56927665299997,80277504,250.507984,b6f3f6316fc3ea4cc82b3756638dcbfe093dc9e8550b124f7b76c6fef8fd6c7d,094470ab289c7ada843f2b288b6756cecd0b9ef11e6d70f2ecc84a3d2d1a28fb,afb7081898506524e3591af4e727461fc46efa2d,36247215750
F1-SPARSE-N100000-M200-s103,des,100,round-1,OK,True,100,100,11.751042946000013,11.709796449,11.701229893,,11.751042946000013,56807424,11.624757,b6f3f6316fc3ea4cc82b3756638dcbfe093dc9e8550b124f7b76c6fef8fd6c7d,094470ab289c7ada843f2b288b6756cecd0b9ef11e6d70f2ecc84a3d2d1a28fb,afb7081898506524e3591af4e727461fc46efa2d,36247215750
F1-SPARSE-N100000-M200-s103,dag,100,round-1,OK,True,100,100,2.8619139390000043,2.771031175,2.763289148,,2.8619139390000043,74653696,2.6943889999999997,b6f3f6316fc3ea4cc82b3756638dcbfe093dc9e8550b124f7b76c6fef8fd6c7d,094470ab289c7ada843f2b288b6756cecd0b9ef11e6d70f2ecc84a3d2d1a28fb,afb7081898506524e3591af4e727461fc46efa2d,36247215750
F1-SPARSE-N100000-M200-s103,tsfg,100,round-1,TIMEOUT,False,83,83,,,,300,300.10236642999996,74928128,299.90954,b6f3f6316fc3ea4cc82b3756638dcbfe093dc9e8550b124f7b76c6fef8fd6c7d,094470ab289c7ada843f2b288b6756cecd0b9ef11e6d70f2ecc84a3d2d1a28fb,afb7081898506524e3591af4e727461fc46efa2d,36247215750
F1-SPARSE-N100000-M200-s103,tsfg,100,round-1,TIMEOUT,False,83,83,,,,300,300.10106059500004,75505664,299.919175,b6f3f6316fc3ea4cc82b3756638dcbfe093dc9e8550b124f7b76c6fef8fd6c7d,094470ab289c7ada843f2b288b6756cecd0b9ef11e6d70f2ecc84a3d2d1a28fb,afb7081898506524e3591af4e727461fc46efa2d,36247215750
F1-SPARSE-N100000-M200-s103,dag,100,round-1,OK,True,100,100,2.6443222330000253,2.563388576,2.555444838,,2.6443222330000253,75505664,2.6064179999999997,b6f3f6316fc3ea4cc82b3756638dcbfe093dc9e8550b124f7b76c6fef8fd6c7d,094470ab289c7ada843f2b288b6756cecd0b9ef11e6d70f2ecc84a3d2d1a28fb,afb7081898506524e3591af4e727461fc46efa2d,36247215750
F1-SPARSE-N100000-M200-s103,des,100,round-1,OK,True,100,100,11.52955793000001,11.487275045,11.478925523,,11.52955793000001,75505664,11.487574,b6f3f6316fc3ea4cc82b3756638dcbfe093dc9e8550b124f7b76c6fef8fd6c7d,094470ab289c7ada843f2b288b6756cecd0b9ef11e6d70f2ecc84a3d2d1a28fb,afb7081898506524e3591af4e727461fc46efa2d,36247215750
F1-SPARSE-N100000-M200-s103,dag,100,round-2,OK,True,100,100,3.0646254010000007,2.977393398,2.968236564,,3.0646254010000007,56881152,3.044989,b6f3f6316fc3ea4cc82b3756638dcbfe093dc9e8550b124f7b76c6fef8fd6c7d,094470ab289c7ada843f2b288b6756cecd0b9ef11e6d70f2ecc84a3d2d1a28fb,afb7081898506524e3591af4e727461fc46efa2d,36247215750
F1-SPARSE-N100000-M200-s103,tsfg,100,round-2,TIMEOUT,False,62,62,,,,300,300.10151717,74047488,300.03153,b6f3f6316fc3ea4cc82b3756638dcbfe093dc9e8550b124f7b76c6fef8fd6c7d,094470ab289c7ada843f2b288b6756cecd0b9ef11e6d70f2ecc84a3d2d1a28fb,afb7081898506524e3591af4e727461fc46efa2d,36247215750
F1-SPARSE-N100000-M200-s103,des,100,round-2,OK,True,100,100,10.79469568899998,10.749175092,10.739900517,,10.79469568899998,77361152,10.77567,b6f3f6316fc3ea4cc82b3756638dcbfe093dc9e8550b124f7b76c6fef8fd6c7d,094470ab289c7ada843f2b288b6756cecd0b9ef11e6d70f2ecc84a3d2d1a28fb,afb7081898506524e3591af4e727461fc46efa2d,36247215750
F1-SPARSE-N100000-M200-s103,des,100,round-2,OK,True,100,100,10.942591676000006,10.896178212,10.886975899,,10.942591676000006,77361152,10.929227,b6f3f6316fc3ea4cc82b3756638dcbfe093dc9e8550b124f7b76c6fef8fd6c7d,094470ab289c7ada843f2b288b6756cecd0b9ef11e6d70f2ecc84a3d2d1a28fb,afb7081898506524e3591af4e727461fc46efa2d,36247215750
F1-SPARSE-N100000-M200-s103,tsfg,100,round-2,TIMEOUT,False,62,62,,,,300,300.102040404,77361152,300.031245,b6f3f6316fc3ea4cc82b3756638dcbfe093dc9e8550b124f7b76c6fef8fd6c7d,094470ab289c7ada843f2b288b6756cecd0b9ef11e6d70f2ecc84a3d2d1a28fb,afb7081898506524e3591af4e727461fc46efa2d,36247215750
F1-SPARSE-N100000-M200-s103,dag,100,round-2,OK,True,100,100,3.0649089629999935,2.985839221,2.976535559,,3.0649089629999935,77361152,3.053493,b6f3f6316fc3ea4cc82b3756638dcbfe093dc9e8550b124f7b76c6fef8fd6c7d,094470ab289c7ada843f2b288b6756cecd0b9ef11e6d70f2ecc84a3d2d1a28fb,afb7081898506524e3591af4e727461fc46efa2d,36247215750
F1-SPARSE-N1000000-M200-s101,tsfg,100,round-0,TIMEOUT,False,6,6,,,,300,300.1028817960001,513130496,300.00701499999997,351633d09d4096be7df05db35313972a40782863d3d7b05ba9ef9a320ce3ddff,0f2c0f838d8f3ef0c3acbb07e3dbdeb29e16853a8ddc6aac9dfe5ff7f00381fe,afb7081898506524e3591af4e727461fc46efa2d,36247215750
F1-SPARSE-N1000000-M200-s101,des,100,round-0,OK,True,100,100,180.25786840900003,179.773009039,179.677888183,,180.25786840900003,432234496,180.196007,351633d09d4096be7df05db35313972a40782863d3d7b05ba9ef9a320ce3ddff,0f2c0f838d8f3ef0c3acbb07e3dbdeb29e16853a8ddc6aac9dfe5ff7f00381fe,afb7081898506524e3591af4e727461fc46efa2d,36247215750
F1-SPARSE-N1000000-M200-s101,dag,100,round-0,OK,True,100,100,38.90282433899995,37.357717631,37.262856983,,38.90282433899995,437661696,36.356759,351633d09d4096be7df05db35313972a40782863d3d7b05ba9ef9a320ce3ddff,0f2c0f838d8f3ef0c3acbb07e3dbdeb29e16853a8ddc6aac9dfe5ff7f00381fe,afb7081898506524e3591af4e727461fc46efa2d,36247215750
F1-SPARSE-N1000000-M200-s101,dag,100,round-0,OK,True,100,100,38.092423601000064,36.53690872,36.44112374,,38.092423601000064,453484544,35.910709000000004,351633d09d4096be7df05db35313972a40782863d3d7b05ba9ef9a320ce3ddff,0f2c0f838d8f3ef0c3acbb07e3dbdeb29e16853a8ddc6aac9dfe5ff7f00381fe,afb7081898506524e3591af4e727461fc46efa2d,36247215750
F1-SPARSE-N1000000-M200-s101,des,100,round-0,OK,True,100,100,166.44700519599996,165.94658927,165.849851877,,166.44700519599996,455057408,166.274209,351633d09d4096be7df05db35313972a40782863d3d7b05ba9ef9a320ce3ddff,0f2c0f838d8f3ef0c3acbb07e3dbdeb29e16853a8ddc6aac9dfe5ff7f00381fe,afb7081898506524e3591af4e727461fc46efa2d,36247215750
F1-SPARSE-N1000000-M200-s101,tsfg,100,round-0,TIMEOUT,False,6,6,,,,300,300.10440313899994,467140608,300.018527,351633d09d4096be7df05db35313972a40782863d3d7b05ba9ef9a320ce3ddff,0f2c0f838d8f3ef0c3acbb07e3dbdeb29e16853a8ddc6aac9dfe5ff7f00381fe,afb7081898506524e3591af4e727461fc46efa2d,36247215750
F1-SPARSE-N1000000-M200-s101,des,100,round-1,OK,True,100,100,133.78722471999998,133.36064839,133.266866497,,133.78722471999998,430710784,133.464483,351633d09d4096be7df05db35313972a40782863d3d7b05ba9ef9a320ce3ddff,0f2c0f838d8f3ef0c3acbb07e3dbdeb29e16853a8ddc6aac9dfe5ff7f00381fe,afb7081898506524e3591af4e727461fc46efa2d,36247215750
F1-SPARSE-N1000000-M200-s101,dag,100,round-1,OK,True,100,100,37.28429205100002,35.992714447,35.898188272,,37.28429205100002,447442944,34.989093,351633d09d4096be7df05db35313972a40782863d3d7b05ba9ef9a320ce3ddff,0f2c0f838d8f3ef0c3acbb07e3dbdeb29e16853a8ddc6aac9dfe5ff7f00381fe,afb7081898506524e3591af4e727461fc46efa2d,36247215750
F1-SPARSE-N1000000-M200-s101,tsfg,100,round-1,TIMEOUT,False,6,6,,,,300,300.1073580489999,500772864,300.05584,351633d09d4096be7df05db35313972a40782863d3d7b05ba9ef9a320ce3ddff,0f2c0f838d8f3ef0c3acbb07e3dbdeb29e16853a8ddc6aac9dfe5ff7f00381fe,afb7081898506524e3591af4e727461fc46efa2d,36247215750
F1-SPARSE-N1000000-M200-s101,tsfg,100,round-1,TIMEOUT,False,6,6,,,,300,300.10318385999994,472317952,300.053911,351633d09d4096be7df05db35313972a40782863d3d7b05ba9ef9a320ce3ddff,0f2c0f838d8f3ef0c3acbb07e3dbdeb29e16853a8ddc6aac9dfe5ff7f00381fe,afb7081898506524e3591af4e727461fc46efa2d,36247215750
F1-SPARSE-N1000000-M200-s101,dag,100,round-1,OK,True,100,100,36.3651726170001,35.094951542,35.001399266,,36.3651726170001,449232896,34.398488,351633d09d4096be7df05db35313972a40782863d3d7b05ba9ef9a320ce3ddff,0f2c0f838d8f3ef0c3acbb07e3dbdeb29e16853a8ddc6aac9dfe5ff7f00381fe,afb7081898506524e3591af4e727461fc46efa2d,36247215750
F1-SPARSE-N1000000-M200-s101,des,100,round-1,OK,True,100,100,139.086481326,138.638950319,138.543586747,,139.086481326,449232896,138.992783,351633d09d4096be7df05db35313972a40782863d3d7b05ba9ef9a320ce3ddff,0f2c0f838d8f3ef0c3acbb07e3dbdeb29e16853a8ddc6aac9dfe5ff7f00381fe,afb7081898506524e3591af4e727461fc46efa2d,36247215750
F1-SPARSE-N1000000-M200-s101,dag,100,round-2,OK,True,100,100,35.718043454,34.528201084,34.433751076,,35.718043454,437088256,34.747986,351633d09d4096be7df05db35313972a40782863d3d7b05ba9ef9a320ce3ddff,0f2c0f838d8f3ef0c3acbb07e3dbdeb29e16853a8ddc6aac9dfe5ff7f00381fe,afb7081898506524e3591af4e727461fc46efa2d,36247215750
F1-SPARSE-N1000000-M200-s101,tsfg,100,round-2,TIMEOUT,False,6,6,,,,300,300.04598362999997,472166400,299.961766,351633d09d4096be7df05db35313972a40782863d3d7b05ba9ef9a320ce3ddff,0f2c0f838d8f3ef0c3acbb07e3dbdeb29e16853a8ddc6aac9dfe5ff7f00381fe,afb7081898506524e3591af4e727461fc46efa2d,36247215750
F1-SPARSE-N1000000-M200-s101,des,100,round-2,OK,True,100,100,128.6640865569999,128.223995914,128.130021532,,128.6640865569999,430809088,128.552013,351633d09d4096be7df05db35313972a40782863d3d7b05ba9ef9a320ce3ddff,0f2c0f838d8f3ef0c3acbb07e3dbdeb29e16853a8ddc6aac9dfe5ff7f00381fe,afb7081898506524e3591af4e727461fc46efa2d,36247215750
F1-SPARSE-N1000000-M200-s101,des,100,round-2,OK,True,100,100,130.21772853999994,129.765541073,129.672257922,,130.21772853999994,466808832,130.056442,351633d09d4096be7df05db35313972a40782863d3d7b05ba9ef9a320ce3ddff,0f2c0f838d8f3ef0c3acbb07e3dbdeb29e16853a8ddc6aac9dfe5ff7f00381fe,afb7081898506524e3591af4e727461fc46efa2d,36247215750
F1-SPARSE-N1000000-M200-s101,tsfg,100,round-2,TIMEOUT,False,6,6,,,,300,300.110032351,485683200,300.027487,351633d09d4096be7df05db35313972a40782863d3d7b05ba9ef9a320ce3ddff,0f2c0f838d8f3ef0c3acbb07e3dbdeb29e16853a8ddc6aac9dfe5ff7f00381fe,afb7081898506524e3591af4e727461fc46efa2d,36247215750
F1-SPARSE-N1000000-M200-s101,dag,100,round-2,OK,True,100,100,35.30420028699996,34.076904439,33.982943119,,35.30420028699996,467734528,34.324106,351633d09d4096be7df05db35313972a40782863d3d7b05ba9ef9a320ce3ddff,0f2c0f838d8f3ef0c3acbb07e3dbdeb29e16853a8ddc6aac9dfe5ff7f00381fe,afb7081898506524e3591af4e727461fc46efa2d,36247215750
F1-SPARSE-N1000000-M200-s102,tsfg,100,round-0,TIMEOUT,False,6,6,,,,300,300.106081334,468787200,299.982506,e20aff9db05adca8d40d7a3c483119459e1cf42cca0eaa6a59ac5bc136016fc5,fb88fa0956c5e5b26aa031f22d785e99fe231fd2173b30ffdaf41ef82abfde09,afb7081898506524e3591af4e727461fc46efa2d,36247215750
F1-SPARSE-N1000000-M200-s102,des,100,round-0,OK,True,100,100,163.157295363,162.616669952,162.521159928,,163.157295363,427765760,162.847618,e20aff9db05adca8d40d7a3c483119459e1cf42cca0eaa6a59ac5bc136016fc5,fb88fa0956c5e5b26aa031f22d785e99fe231fd2173b30ffdaf41ef82abfde09,afb7081898506524e3591af4e727461fc46efa2d,36247215750
F1-SPARSE-N1000000-M200-s102,dag,100,round-0,OK,True,100,100,37.448314025999935,35.858856707,35.758387931,,37.448314025999935,436543488,34.555468999999995,e20aff9db05adca8d40d7a3c483119459e1cf42cca0eaa6a59ac5bc136016fc5,fb88fa0956c5e5b26aa031f22d785e99fe231fd2173b30ffdaf41ef82abfde09,afb7081898506524e3591af4e727461fc46efa2d,36247215750
F1-SPARSE-N1000000-M200-s102,dag,100,round-0,OK,True,100,100,35.73868775899996,34.292662106,34.196204481,,35.73868775899996,444825600,34.570233,e20aff9db05adca8d40d7a3c483119459e1cf42cca0eaa6a59ac5bc136016fc5,fb88fa0956c5e5b26aa031f22d785e99fe231fd2173b30ffdaf41ef82abfde09,afb7081898506524e3591af4e727461fc46efa2d,36247215750
F1-SPARSE-N1000000-M200-s102,des,100,round-0,OK,True,100,100,154.84988406799994,154.381278101,154.28596054,,154.84988406799994,444825600,154.80750799999998,e20aff9db05adca8d40d7a3c483119459e1cf42cca0eaa6a59ac5bc136016fc5,fb88fa0956c5e5b26aa031f22d785e99fe231fd2173b30ffdaf41ef82abfde09,afb7081898506524e3591af4e727461fc46efa2d,36247215750
F1-SPARSE-N1000000-M200-s102,tsfg,100,round-0,TIMEOUT,False,6,6,,,,300,300.111324575,488701952,299.995777,e20aff9db05adca8d40d7a3c483119459e1cf42cca0eaa6a59ac5bc136016fc5,fb88fa0956c5e5b26aa031f22d785e99fe231fd2173b30ffdaf41ef82abfde09,afb7081898506524e3591af4e727461fc46efa2d,36247215750
F1-SPARSE-N1000000-M200-s102,des,100,round-1,OK,True,100,100,153.920304261,153.436665736,153.342533918,,153.920304261,428793856,153.813628,e20aff9db05adca8d40d7a3c483119459e1cf42cca0eaa6a59ac5bc136016fc5,fb88fa0956c5e5b26aa031f22d785e99fe231fd2173b30ffdaf41ef82abfde09,afb7081898506524e3591af4e727461fc46efa2d,36247215750
F1-SPARSE-N1000000-M200-s102,dag,100,round-1,OK,True,100,100,37.164042421999966,35.724664246,35.629383712,,37.164042421999966,435736576,34.396871999999995,e20aff9db05adca8d40d7a3c483119459e1cf42cca0eaa6a59ac5bc136016fc5,fb88fa0956c5e5b26aa031f22d785e99fe231fd2173b30ffdaf41ef82abfde09,afb7081898506524e3591af4e727461fc46efa2d,36247215750
F1-SPARSE-N1000000-M200-s102,tsfg,100,round-1,TIMEOUT,False,6,6,,,,300,300.10493732300006,487444480,300.01775799999996,e20aff9db05adca8d40d7a3c483119459e1cf42cca0eaa6a59ac5bc136016fc5,fb88fa0956c5e5b26aa031f22d785e99fe231fd2173b30ffdaf41ef82abfde09,afb7081898506524e3591af4e727461fc46efa2d,36247215750
F1-SPARSE-N1000000-M200-s102,tsfg,100,round-1,TIMEOUT,False,6,6,,,,300,300.10392058,464769024,300.015071,e20aff9db05adca8d40d7a3c483119459e1cf42cca0eaa6a59ac5bc136016fc5,fb88fa0956c5e5b26aa031f22d785e99fe231fd2173b30ffdaf41ef82abfde09,afb7081898506524e3591af4e727461fc46efa2d,36247215750
F1-SPARSE-N1000000-M200-s102,dag,100,round-1,OK,True,100,100,36.0142201619999,34.580358051,34.482875138,,36.0142201619999,437112832,34.273098,e20aff9db05adca8d40d7a3c483119459e1cf42cca0eaa6a59ac5bc136016fc5,fb88fa0956c5e5b26aa031f22d785e99fe231fd2173b30ffdaf41ef82abfde09,afb7081898506524e3591af4e727461fc46efa2d,36247215750
F1-SPARSE-N1000000-M200-s102,des,100,round-1,OK,True,100,100,156.91778182300004,156.435207597,156.341100988,,156.91778182300004,439181312,156.86334,e20aff9db05adca8d40d7a3c483119459e1cf42cca0eaa6a59ac5bc136016fc5,fb88fa0956c5e5b26aa031f22d785e99fe231fd2173b30ffdaf41ef82abfde09,afb7081898506524e3591af4e727461fc46efa2d,36247215750
F1-SPARSE-N1000000-M200-s102,dag,100,round-2,OK,True,100,100,37.38994193299999,35.910843776,35.808574373,,37.38994193299999,436543488,35.556485,e20aff9db05adca8d40d7a3c483119459e1cf42cca0eaa6a59ac5bc136016fc5,fb88fa0956c5e5b26aa031f22d785e99fe231fd2173b30ffdaf41ef82abfde09,afb7081898506524e3591af4e727461fc46efa2d,36247215750
F1-SPARSE-N1000000-M200-s102,tsfg,100,round-2,TIMEOUT,False,6,6,,,,300,300.105328248,470384640,300.048314,e20aff9db05adca8d40d7a3c483119459e1cf42cca0eaa6a59ac5bc136016fc5,fb88fa0956c5e5b26aa031f22d785e99fe231fd2173b30ffdaf41ef82abfde09,afb7081898506524e3591af4e727461fc46efa2d,36247215750
F1-SPARSE-N1000000-M200-s102,des,100,round-2,OK,True,100,100,168.05583213799991,167.553522102,167.451188845,,168.05583213799991,436600832,167.972296,e20aff9db05adca8d40d7a3c483119459e1cf42cca0eaa6a59ac5bc136016fc5,fb88fa0956c5e5b26aa031f22d785e99fe231fd2173b30ffdaf41ef82abfde09,afb7081898506524e3591af4e727461fc46efa2d,36247215750
F1-SPARSE-N1000000-M200-s102,des,100,round-2,OK,True,100,100,169.5161251369999,169.015971354,168.913408757,,169.5161251369999,436670464,169.467468,e20aff9db05adca8d40d7a3c483119459e1cf42cca0eaa6a59ac5bc136016fc5,fb88fa0956c5e5b26aa031f22d785e99fe231fd2173b30ffdaf41ef82abfde09,afb7081898506524e3591af4e727461fc46efa2d,36247215750
F1-SPARSE-N1000000-M200-s102,tsfg,100,round-2,TIMEOUT,False,6,6,,,,300,300.10528063699985,469147648,300.048931,e20aff9db05adca8d40d7a3c483119459e1cf42cca0eaa6a59ac5bc136016fc5,fb88fa0956c5e5b26aa031f22d785e99fe231fd2173b30ffdaf41ef82abfde09,afb7081898506524e3591af4e727461fc46efa2d,36247215750
F1-SPARSE-N1000000-M200-s102,dag,100,round-2,OK,True,100,100,35.517637070999854,34.24322556,34.140682245,,35.517637070999854,438726656,34.860757,e20aff9db05adca8d40d7a3c483119459e1cf42cca0eaa6a59ac5bc136016fc5,fb88fa0956c5e5b26aa031f22d785e99fe231fd2173b30ffdaf41ef82abfde09,afb7081898506524e3591af4e727461fc46efa2d,36247215750
F1-SPARSE-N1000000-M200-s103,tsfg,100,round-0,TIMEOUT,False,6,6,,,,300,300.102604067,491708416,299.89836599999995,c0a2521755c2291e80051d72f7065b388fbbf7a35bbeb073a4f05be2c2ce97d8,738475fdb36a4ab02b96a20523cfdde9163b963ea77b20a4fa8421740f517541,afb7081898506524e3591af4e727461fc46efa2d,36247215750
F1-SPARSE-N1000000-M200-s103,des,100,round-0,OK,True,100,100,135.664047814,135.2213613,135.12755368,,135.664047814,430047232,135.443318,c0a2521755c2291e80051d72f7065b388fbbf7a35bbeb073a4f05be2c2ce97d8,738475fdb36a4ab02b96a20523cfdde9163b963ea77b20a4fa8421740f517541,afb7081898506524e3591af4e727461fc46efa2d,36247215750
F1-SPARSE-N1000000-M200-s103,dag,100,round-0,OK,True,100,100,35.15257279699995,33.897486353,33.803405557,,35.15257279699995,436195328,33.945729,c0a2521755c2291e80051d72f7065b388fbbf7a35bbeb073a4f05be2c2ce97d8,738475fdb36a4ab02b96a20523cfdde9163b963ea77b20a4fa8421740f517541,afb7081898506524e3591af4e727461fc46efa2d,36247215750
F1-SPARSE-N1000000-M200-s103,dag,100,round-0,OK,True,100,100,34.925194824999835,33.559136075,33.463970009,,34.925194824999835,439984128,33.924431,c0a2521755c2291e80051d72f7065b388fbbf7a35bbeb073a4f05be2c2ce97d8,738475fdb36a4ab02b96a20523cfdde9163b963ea77b20a4fa8421740f517541,afb7081898506524e3591af4e727461fc46efa2d,36247215750
F1-SPARSE-N1000000-M200-s103,des,100,round-0,OK,True,100,100,137.92035447399985,137.465014152,137.370779331,,137.92035447399985,441110528,137.686838,c0a2521755c2291e80051d72f7065b388fbbf7a35bbeb073a4f05be2c2ce97d8,738475fdb36a4ab02b96a20523cfdde9163b963ea77b20a4fa8421740f517541,afb7081898506524e3591af4e727461fc46efa2d,36247215750
F1-SPARSE-N1000000-M200-s103,tsfg,100,round-0,TIMEOUT,False,6,6,,,,300,300.1073015549998,489558016,299.922245,c0a2521755c2291e80051d72f7065b388fbbf7a35bbeb073a4f05be2c2ce97d8,738475fdb36a4ab02b96a20523cfdde9163b963ea77b20a4fa8421740f517541,afb7081898506524e3591af4e727461fc46efa2d,36247215750
F1-SPARSE-N1000000-M200-s103,des,100,round-1,OK,True,100,100,166.10313536,165.684193816,165.594136768,,166.10313536,429670400,165.58739,c0a2521755c2291e80051d72f7065b388fbbf7a35bbeb073a4f05be2c2ce97d8,738475fdb36a4ab02b96a20523cfdde9163b963ea77b20a4fa8421740f517541,afb7081898506524e3591af4e727461fc46efa2d,36247215750
F1-SPARSE-N1000000-M200-s103,dag,100,round-1,OK,True,100,100,37.09193412600007,35.974073909,35.886374599,,37.09193412600007,436912128,31.906306,c0a2521755c2291e80051d72f7065b388fbbf7a35bbeb073a4f05be2c2ce97d8,738475fdb36a4ab02b96a20523cfdde9163b963ea77b20a4fa8421740f517541,afb7081898506524e3591af4e727461fc46efa2d,36247215750
F1-SPARSE-N1000000-M200-s103,tsfg,100,round-1,TIMEOUT,False,8,8,,,,300,300.10429395100005,488529920,299.98645,c0a2521755c2291e80051d72f7065b388fbbf7a35bbeb073a4f05be2c2ce97d8,738475fdb36a4ab02b96a20523cfdde9163b963ea77b20a4fa8421740f517541,afb7081898506524e3591af4e727461fc46efa2d,36247215750
F1-SPARSE-N1000000-M200-s103,tsfg,100,round-1,TIMEOUT,False,8,8,,,,300,300.101367749,471621632,299.96806200000003,c0a2521755c2291e80051d72f7065b388fbbf7a35bbeb073a4f05be2c2ce97d8,738475fdb36a4ab02b96a20523cfdde9163b963ea77b20a4fa8421740f517541,afb7081898506524e3591af4e727461fc46efa2d,36247215750
F1-SPARSE-N1000000-M200-s103,dag,100,round-1,OK,True,100,100,35.264220239999986,34.067911801,33.977615562,,35.264220239999986,438448128,32.157133,c0a2521755c2291e80051d72f7065b388fbbf7a35bbeb073a4f05be2c2ce97d8,738475fdb36a4ab02b96a20523cfdde9163b963ea77b20a4fa8421740f517541,afb7081898506524e3591af4e727461fc46efa2d,36247215750
F1-SPARSE-N1000000-M200-s103,des,100,round-1,OK,True,100,100,172.63570204200005,172.198075533,172.109607029,,172.63570204200005,438517760,172.09237199999998,c0a2521755c2291e80051d72f7065b388fbbf7a35bbeb073a4f05be2c2ce97d8,738475fdb36a4ab02b96a20523cfdde9163b963ea77b20a4fa8421740f517541,afb7081898506524e3591af4e727461fc46efa2d,36247215750
F1-SPARSE-N1000000-M200-s103,dag,100,round-2,OK,True,100,100,38.933820948999994,37.425991401,37.323187853,,38.933820948999994,436314112,37.402029999999996,c0a2521755c2291e80051d72f7065b388fbbf7a35bbeb073a4f05be2c2ce97d8,738475fdb36a4ab02b96a20523cfdde9163b963ea77b20a4fa8421740f517541,afb7081898506524e3591af4e727461fc46efa2d,36247215750
F1-SPARSE-N1000000-M200-s103,tsfg,100,round-2,TIMEOUT,False,6,6,,,,300,300.103544255,469262336,299.960787,c0a2521755c2291e80051d72f7065b388fbbf7a35bbeb073a4f05be2c2ce97d8,738475fdb36a4ab02b96a20523cfdde9163b963ea77b20a4fa8421740f517541,afb7081898506524e3591af4e727461fc46efa2d,36247215750
F1-SPARSE-N1000000-M200-s103,des,100,round-2,OK,True,100,100,198.35974998100005,197.86986303,197.764119115,,198.35974998100005,433299456,198.2577,c0a2521755c2291e80051d72f7065b388fbbf7a35bbeb073a4f05be2c2ce97d8,738475fdb36a4ab02b96a20523cfdde9163b963ea77b20a4fa8421740f517541,afb7081898506524e3591af4e727461fc46efa2d,36247215750
F1-SPARSE-N1000000-M200-s103,des,100,round-2,OK,True,100,100,204.90719445700006,204.348197098,204.244396145,,204.90719445700006,433299456,204.652793,c0a2521755c2291e80051d72f7065b388fbbf7a35bbeb073a4f05be2c2ce97d8,738475fdb36a4ab02b96a20523cfdde9163b963ea77b20a4fa8421740f517541,afb7081898506524e3591af4e727461fc46efa2d,36247215750
F1-SPARSE-N1000000-M200-s103,tsfg,100,round-2,TIMEOUT,False,6,6,,,,300,300.103478558,470618112,299.961846,c0a2521755c2291e80051d72f7065b388fbbf7a35bbeb073a4f05be2c2ce97d8,738475fdb36a4ab02b96a20523cfdde9163b963ea77b20a4fa8421740f517541,afb7081898506524e3591af4e727461fc46efa2d,36247215750
F1-SPARSE-N1000000-M200-s103,dag,100,round-2,OK,True,100,100,39.80199754399996,38.253409287,38.149590807,,39.80199754399996,439902208,37.639516,c0a2521755c2291e80051d72f7065b388fbbf7a35bbeb073a4f05be2c2ce97d8,738475fdb36a4ab02b96a20523cfdde9163b963ea77b20a4fa8421740f517541,afb7081898506524e3591af4e727461fc46efa2d,36247215750
F2-DENSE-N100000-M200-s101,tsfg,100,round-0,OK,True,100,100,107.430760238,107.394831327,107.394509121,,107.430760238,71122944,107.38374,2860fea535bec04bcf6129532b6266f940fd9ee866744edd8069b32c882278c8,2d7807611b56fcd783d361e10a5a94fb20a476c8f0031dcf271f2568a0357c52,afb7081898506524e3591af4e727461fc46efa2d,36247215750
F2-DENSE-N100000-M200-s101,des,100,round-0,OK,True,100,100,12.008798253000009,11.959452907,11.950150269,,12.008798253000009,80842752,11.995496,2860fea535bec04bcf6129532b6266f940fd9ee866744edd8069b32c882278c8,2d7807611b56fcd783d361e10a5a94fb20a476c8f0031dcf271f2568a0357c52,afb7081898506524e3591af4e727461fc46efa2d,36247215750
F2-DENSE-N100000-M200-s101,dag,100,round-0,OK,True,100,100,3.1635331869999845,3.06622714,3.056818171,,3.1635331869999845,83283968,3.152529,2860fea535bec04bcf6129532b6266f940fd9ee866744edd8069b32c882278c8,2d7807611b56fcd783d361e10a5a94fb20a476c8f0031dcf271f2568a0357c52,afb7081898506524e3591af4e727461fc46efa2d,36247215750
F2-DENSE-N100000-M200-s101,dag,100,round-0,OK,True,100,100,3.1644896779999954,3.070225196,3.060759551,,3.1644896779999954,83308544,3.1421490000000003,2860fea535bec04bcf6129532b6266f940fd9ee866744edd8069b32c882278c8,2d7807611b56fcd783d361e10a5a94fb20a476c8f0031dcf271f2568a0357c52,afb7081898506524e3591af4e727461fc46efa2d,36247215750
F2-DENSE-N100000-M200-s101,des,100,round-0,OK,True,100,100,11.78332522400001,11.73426318,11.724904306,,11.78332522400001,83308544,11.769531,2860fea535bec04bcf6129532b6266f940fd9ee866744edd8069b32c882278c8,2d7807611b56fcd783d361e10a5a94fb20a476c8f0031dcf271f2568a0357c52,afb7081898506524e3591af4e727461fc46efa2d,36247215750
F2-DENSE-N100000-M200-s101,tsfg,100,round-0,OK,True,100,100,107.48719212500009,107.451562518,107.451155463,,107.48719212500009,83308544,107.446208,2860fea535bec04bcf6129532b6266f940fd9ee866744edd8069b32c882278c8,2d7807611b56fcd783d361e10a5a94fb20a476c8f0031dcf271f2568a0357c52,afb7081898506524e3591af4e727461fc46efa2d,36247215750
F2-DENSE-N100000-M200-s101,des,100,round-1,OK,True,100,100,12.061579110999986,12.011381343,12.001988318,,12.061579110999986,56401920,12.0491,2860fea535bec04bcf6129532b6266f940fd9ee866744edd8069b32c882278c8,2d7807611b56fcd783d361e10a5a94fb20a476c8f0031dcf271f2568a0357c52,afb7081898506524e3591af4e727461fc46efa2d,36247215750
F2-DENSE-N100000-M200-s101,dag,100,round-1,OK,True,100,100,3.1572258520000105,3.058657162,3.049322543,,3.1572258520000105,77529088,3.143484,2860fea535bec04bcf6129532b6266f940fd9ee866744edd8069b32c882278c8,2d7807611b56fcd783d361e10a5a94fb20a476c8f0031dcf271f2568a0357c52,afb7081898506524e3591af4e727461fc46efa2d,36247215750
F2-DENSE-N100000-M200-s101,tsfg,100,round-1,OK,True,100,100,108.091902581,108.056799811,108.056478909,,108.091902581,79998976,108.03610800000001,2860fea535bec04bcf6129532b6266f940fd9ee866744edd8069b32c882278c8,2d7807611b56fcd783d361e10a5a94fb20a476c8f0031dcf271f2568a0357c52,afb7081898506524e3591af4e727461fc46efa2d,36247215750
F2-DENSE-N100000-M200-s101,tsfg,100,round-1,OK,True,100,100,108.137197377,108.101427309,108.101130424,,108.137197377,80261120,108.073049,2860fea535bec04bcf6129532b6266f940fd9ee866744edd8069b32c882278c8,2d7807611b56fcd783d361e10a5a94fb20a476c8f0031dcf271f2568a0357c52,afb7081898506524e3591af4e727461fc46efa2d,36247215750
F2-DENSE-N100000-M200-s101,dag,100,round-1,OK,True,100,100,3.121068288999993,3.03056867,3.021390079,,3.121068288999993,80523264,3.1092389999999996,2860fea535bec04bcf6129532b6266f940fd9ee866744edd8069b32c882278c8,2d7807611b56fcd783d361e10a5a94fb20a476c8f0031dcf271f2568a0357c52,afb7081898506524e3591af4e727461fc46efa2d,36247215750
F2-DENSE-N100000-M200-s101,des,100,round-1,OK,True,100,100,12.046790936000036,11.999586465,11.99025097,,12.046790936000036,80523264,12.022046,2860fea535bec04bcf6129532b6266f940fd9ee866744edd8069b32c882278c8,2d7807611b56fcd783d361e10a5a94fb20a476c8f0031dcf271f2568a0357c52,afb7081898506524e3591af4e727461fc46efa2d,36247215750
F2-DENSE-N100000-M200-s101,dag,100,round-2,OK,True,100,100,2.3618956010000005,2.288834754,2.280262566,,2.3618956010000005,56242176,2.332641,2860fea535bec04bcf6129532b6266f940fd9ee866744edd8069b32c882278c8,2d7807611b56fcd783d361e10a5a94fb20a476c8f0031dcf271f2568a0357c52,afb7081898506524e3591af4e727461fc46efa2d,36247215750
F2-DENSE-N100000-M200-s101,tsfg,100,round-2,OK,True,100,100,76.57273269100001,76.542466905,76.540514587,,76.57273269100001,79200256,76.511296,2860fea535bec04bcf6129532b6266f940fd9ee866744edd8069b32c882278c8,2d7807611b56fcd783d361e10a5a94fb20a476c8f0031dcf271f2568a0357c52,afb7081898506524e3591af4e727461fc46efa2d,36247215750
F2-DENSE-N100000-M200-s101,des,100,round-2,OK,True,100,100,11.198679758999987,11.157436973,11.150084114,,11.198679758999987,79200256,11.171986,2860fea535bec04bcf6129532b6266f940fd9ee866744edd8069b32c882278c8,2d7807611b56fcd783d361e10a5a94fb20a476c8f0031dcf271f2568a0357c52,afb7081898506524e3591af4e727461fc46efa2d,36247215750
F2-DENSE-N100000-M200-s101,des,100,round-2,OK,True,100,100,11.323687755000009,11.283167403,11.275715549,,11.323687755000009,79208448,11.293701,2860fea535bec04bcf6129532b6266f940fd9ee866744edd8069b32c882278c8,2d7807611b56fcd783d361e10a5a94fb20a476c8f0031dcf271f2568a0357c52,afb7081898506524e3591af4e727461fc46efa2d,36247215750
F2-DENSE-N100000-M200-s101,tsfg,100,round-2,OK,True,100,100,77.28937119400001,77.260040628,77.259643575,,77.28937119400001,79208448,77.07637199999999,2860fea535bec04bcf6129532b6266f940fd9ee866744edd8069b32c882278c8,2d7807611b56fcd783d361e10a5a94fb20a476c8f0031dcf271f2568a0357c52,afb7081898506524e3591af4e727461fc46efa2d,36247215750
F2-DENSE-N100000-M200-s101,dag,100,round-2,OK,True,100,100,2.424756919999993,2.346982815,2.339861982,,2.424756919999993,80097280,2.4020289999999997,2860fea535bec04bcf6129532b6266f940fd9ee866744edd8069b32c882278c8,2d7807611b56fcd783d361e10a5a94fb20a476c8f0031dcf271f2568a0357c52,afb7081898506524e3591af4e727461fc46efa2d,36247215750
F2-DENSE-N100000-M200-s102,tsfg,100,round-0,OK,True,100,100,107.31500432900009,107.279103333,107.278784477,,107.31500432900009,66777088,107.239131,b43d2ad44af069474264ea737370a53666c209ed19787477d9ab54cc75ae1ccf,cd73444ab8848afee4334d39978a5375c7d9aec430ae4c04da89816479eedb88,afb7081898506524e3591af4e727461fc46efa2d,36247215750
F2-DENSE-N100000-M200-s102,des,100,round-0,OK,True,100,100,11.418715313000007,11.372594557,11.363527355,,11.418715313000007,82014208,11.405569,b43d2ad44af069474264ea737370a53666c209ed19787477d9ab54cc75ae1ccf,cd73444ab8848afee4334d39978a5375c7d9aec430ae4c04da89816479eedb88,afb7081898506524e3591af4e727461fc46efa2d,36247215750
F2-DENSE-N100000-M200-s102,dag,100,round-0,OK,True,100,100,3.0887927259999515,2.993764024,2.984531548,,3.0887927259999515,84459520,3.073711,b43d2ad44af069474264ea737370a53666c209ed19787477d9ab54cc75ae1ccf,cd73444ab8848afee4334d39978a5375c7d9aec430ae4c04da89816479eedb88,afb7081898506524e3591af4e727461fc46efa2d,36247215750
F2-DENSE-N100000-M200-s102,dag,100,round-0,OK,True,100,100,3.095454399999994,3.000034768,2.990866261,,3.095454399999994,84459520,3.083011,b43d2ad44af069474264ea737370a53666c209ed19787477d9ab54cc75ae1ccf,cd73444ab8848afee4334d39978a5375c7d9aec430ae4c04da89816479eedb88,afb7081898506524e3591af4e727461fc46efa2d,36247215750
F2-DENSE-N100000-M200-s102,des,100,round-0,OK,True,100,100,11.614898684999957,11.562098989,11.55296243,,11.614898684999957,84471808,11.600541,b43d2ad44af069474264ea737370a53666c209ed19787477d9ab54cc75ae1ccf,cd73444ab8848afee4334d39978a5375c7d9aec430ae4c04da89816479eedb88,afb7081898506524e3591af4e727461fc46efa2d,36247215750
F2-DENSE-N100000-M200-s102,tsfg,100,round-0,OK,True,100,100,107.19299489500008,107.157521455,107.157111238,,107.19299489500008,87007232,107.13098000000001,b43d2ad44af069474264ea737370a53666c209ed19787477d9ab54cc75ae1ccf,cd73444ab8848afee4334d39978a5375c7d9aec430ae4c04da89816479eedb88,afb7081898506524e3591af4e727461fc46efa2d,36247215750
F2-DENSE-N100000-M200-s102,des,100,round-1,OK,True,100,100,11.939410099,11.888999111,11.879459422,,11.939410099,56479744,11.920589,b43d2ad44af069474264ea737370a53666c209ed19787477d9ab54cc75ae1ccf,cd73444ab8848afee4334d39978a5375c7d9aec430ae4c04da89816479eedb88,afb7081898506524e3591af4e727461fc46efa2d,36247215750
F2-DENSE-N100000-M200-s102,dag,100,round-1,OK,True,100,100,3.1935514540000156,3.081135158,3.071695628,,3.1935514540000156,75079680,3.182483,b43d2ad44af069474264ea737370a53666c209ed19787477d9ab54cc75ae1ccf,cd73444ab8848afee4334d39978a5375c7d9aec430ae4c04da89816479eedb88,afb7081898506524e3591af4e727461fc46efa2d,36247215750
F2-DENSE-N100000-M200-s102,tsfg,100,round-1,OK,True,100,100,107.53921540600001,107.502420921,107.502107635,,107.53921540600001,80220160,107.488576,b43d2ad44af069474264ea737370a53666c209ed19787477d9ab54cc75ae1ccf,cd73444ab8848afee4334d39978a5375c7d9aec430ae4c04da89816479eedb88,afb7081898506524e3591af4e727461fc46efa2d,36247215750
F2-DENSE-N100000-M200-s102,tsfg,100,round-1,OK,True,100,100,107.68869682799999,107.652496562,107.652054786,,107.68869682799999,80318464,107.631946,b43d2ad44af069474264ea737370a53666c209ed19787477d9ab54cc75ae1ccf,cd73444ab8848afee4334d39978a5375c7d9aec430ae4c04da89816479eedb88,afb7081898506524e3591af4e727461fc46efa2d,36247215750
F2-DENSE-N100000-M200-s102,dag,100,round-1,OK,True,100,100,3.175202569000021,3.067681866,3.058219129,,3.175202569000021,80580608,3.164493,b43d2ad44af069474264ea737370a53666c209ed19787477d9ab54cc75ae1ccf,cd73444ab8848afee4334d39978a5375c7d9aec430ae4c04da89816479eedb88,afb7081898506524e3591af4e727461fc46efa2d,36247215750
F2-DENSE-N100000-M200-s102,des,100,round-1,OK,True,100,100,12.083527551999964,12.033612802,12.024321117,,12.083527551999964,83136512,12.071873,b43d2ad44af069474264ea737370a53666c209ed19787477d9ab54cc75ae1ccf,cd73444ab8848afee4334d39978a5375c7d9aec430ae4c04da89816479eedb88,afb7081898506524e3591af4e727461fc46efa2d,36247215750
F2-DENSE-N100000-M200-s102,dag,100,round-2,OK,True,100,100,3.005389261000005,2.919584888,2.910883271,,3.005389261000005,56459264,2.993973,b43d2ad44af069474264ea737370a53666c209ed19787477d9ab54cc75ae1ccf,cd73444ab8848afee4334d39978a5375c7d9aec430ae4c04da89816479eedb88,afb7081898506524e3591af4e727461fc46efa2d,36247215750
F2-DENSE-N100000-M200-s102,tsfg,100,round-2,OK,True,100,100,92.93133078500003,92.897324297,92.896917704,,92.93133078500003,83992576,92.872056,b43d2ad44af069474264ea737370a53666c209ed19787477d9ab54cc75ae1ccf,cd73444ab8848afee4334d39978a5375c7d9aec430ae4c04da89816479eedb88,afb7081898506524e3591af4e727461fc46efa2d,36247215750
F2-DENSE-N100000-M200-s102,des,100,round-2,OK,True,100,100,12.46291223999998,12.420320419,12.411613789,,12.46291223999998,83992576,12.446617,b43d2ad44af069474264ea737370a53666c209ed19787477d9ab54cc75ae1ccf,cd73444ab8848afee4334d39978a5375c7d9aec430ae4c04da89816479eedb88,afb7081898506524e3591af4e727461fc46efa2d,36247215750
F2-DENSE-N100000-M200-s102,des,100,round-2,OK,True,100,100,13.113245092,13.070601293,13.061987232,,13.113245092,83992576,13.097663,b43d2ad44af069474264ea737370a53666c209ed19787477d9ab54cc75ae1ccf,cd73444ab8848afee4334d39978a5375c7d9aec430ae4c04da89816479eedb88,afb7081898506524e3591af4e727461fc46efa2d,36247215750
F2-DENSE-N100000-M200-s102,tsfg,100,round-2,OK,True,100,100,93.35390553600001,93.318255214,93.317921434,,93.35390553600001,83992576,93.29790200000001,b43d2ad44af069474264ea737370a53666c209ed19787477d9ab54cc75ae1ccf,cd73444ab8848afee4334d39978a5375c7d9aec430ae4c04da89816479eedb88,afb7081898506524e3591af4e727461fc46efa2d,36247215750
F2-DENSE-N100000-M200-s102,dag,100,round-2,OK,True,100,100,3.040368046000026,2.943969453,2.935298994,,3.040368046000026,83992576,3.027841,b43d2ad44af069474264ea737370a53666c209ed19787477d9ab54cc75ae1ccf,cd73444ab8848afee4334d39978a5375c7d9aec430ae4c04da89816479eedb88,afb7081898506524e3591af4e727461fc46efa2d,36247215750
F2-DENSE-N100000-M200-s103,tsfg,100,round-0,OK,True,100,100,106.49696807500001,106.460788078,106.460456111,,106.49696807500001,62251008,106.471767,deb03d2d80d3709d3e44e28049a5f705f7b7238032017814af5948db7ad9915a,e28eedd47e4f1dbe26ce6ab478dbe023fc8df9b7044224691a41f003630b1f3e,afb7081898506524e3591af4e727461fc46efa2d,36247215750
F2-DENSE-N100000-M200-s103,des,100,round-0,OK,True,100,100,11.409220209000011,11.361457799,11.352221528,,11.409220209000011,78651392,11.39161,deb03d2d80d3709d3e44e28049a5f705f7b7238032017814af5948db7ad9915a,e28eedd47e4f1dbe26ce6ab478dbe023fc8df9b7044224691a41f003630b1f3e,afb7081898506524e3591af4e727461fc46efa2d,36247215750
F2-DENSE-N100000-M200-s103,dag,100,round-0,OK,True,100,100,3.0636982030000013,2.981460466,2.972218794,,3.0636982030000013,78651392,3.050975,deb03d2d80d3709d3e44e28049a5f705f7b7238032017814af5948db7ad9915a,e28eedd47e4f1dbe26ce6ab478dbe023fc8df9b7044224691a41f003630b1f3e,afb7081898506524e3591af4e727461fc46efa2d,36247215750
F2-DENSE-N100000-M200-s103,dag,100,round-0,OK,True,100,100,3.0910028049999596,2.999840336,2.988479608,,3.0910028049999596,81072128,3.081079,deb03d2d80d3709d3e44e28049a5f705f7b7238032017814af5948db7ad9915a,e28eedd47e4f1dbe26ce6ab478dbe023fc8df9b7044224691a41f003630b1f3e,afb7081898506524e3591af4e727461fc46efa2d,36247215750
F2-DENSE-N100000-M200-s103,des,100,round-0,OK,True,100,100,11.53589793399999,11.486359313,11.477270586,,11.53589793399999,81072128,11.523158,deb03d2d80d3709d3e44e28049a5f705f7b7238032017814af5948db7ad9915a,e28eedd47e4f1dbe26ce6ab478dbe023fc8df9b7044224691a41f003630b1f3e,afb7081898506524e3591af4e727461fc46efa2d,36247215750
F2-DENSE-N100000-M200-s103,tsfg,100,round-0,OK,True,100,100,106.22415861300004,106.188029847,106.187685218,,106.22415861300004,81170432,106.199401,deb03d2d80d3709d3e44e28049a5f705f7b7238032017814af5948db7ad9915a,e28eedd47e4f1dbe26ce6ab478dbe023fc8df9b7044224691a41f003630b1f3e,afb7081898506524e3591af4e727461fc46efa2d,36247215750
F2-DENSE-N100000-M200-s103,des,100,round-1,OK,True,100,100,10.202775047000017,10.167830883,10.161208673,,10.202775047000017,56225792,10.181581999999999,deb03d2d80d3709d3e44e28049a5f705f7b7238032017814af5948db7ad9915a,e28eedd47e4f1dbe26ce6ab478dbe023fc8df9b7044224691a41f003630b1f3e,afb7081898506524e3591af4e727461fc46efa2d,36247215750
F2-DENSE-N100000-M200-s103,dag,100,round-1,OK,True,100,100,2.320601286999988,2.250922672,2.244811481,,2.320601286999988,78249984,2.107247,deb03d2d80d3709d3e44e28049a5f705f7b7238032017814af5948db7ad9915a,e28eedd47e4f1dbe26ce6ab478dbe023fc8df9b7044224691a41f003630b1f3e,afb7081898506524e3591af4e727461fc46efa2d,36247215750
F2-DENSE-N100000-M200-s103,tsfg,100,round-1,OK,True,100,100,68.219470978,68.191982665,68.191673191,,68.219470978,80633856,68.116999,deb03d2d80d3709d3e44e28049a5f705f7b7238032017814af5948db7ad9915a,e28eedd47e4f1dbe26ce6ab478dbe023fc8df9b7044224691a41f003630b1f3e,afb7081898506524e3591af4e727461fc46efa2d,36247215750
F2-DENSE-N100000-M200-s103,tsfg,100,round-1,OK,True,100,100,68.23888711800004,68.211527863,68.211094971,,68.23888711800004,81043456,68.160664,deb03d2d80d3709d3e44e28049a5f705f7b7238032017814af5948db7ad9915a,e28eedd47e4f1dbe26ce6ab478dbe023fc8df9b7044224691a41f003630b1f3e,afb7081898506524e3591af4e727461fc46efa2d,36247215750
F2-DENSE-N100000-M200-s103,dag,100,round-1,OK,True,100,100,2.5211559089999582,2.451391457,2.444999641,,2.5211559089999582,81453056,2.119172,deb03d2d80d3709d3e44e28049a5f705f7b7238032017814af5948db7ad9915a,e28eedd47e4f1dbe26ce6ab478dbe023fc8df9b7044224691a41f003630b1f3e,afb7081898506524e3591af4e727461fc46efa2d,36247215750
F2-DENSE-N100000-M200-s103,des,100,round-1,OK,True,100,100,9.968846424999981,9.929375327,9.922674533,,9.968846424999981,81502208,9.943878999999999,deb03d2d80d3709d3e44e28049a5f705f7b7238032017814af5948db7ad9915a,e28eedd47e4f1dbe26ce6ab478dbe023fc8df9b7044224691a41f003630b1f3e,afb7081898506524e3591af4e727461fc46efa2d,36247215750
F2-DENSE-N100000-M200-s103,dag,100,round-2,OK,True,100,100,3.0806997440000004,2.9951186,2.985972392,,3.0806997440000004,56311808,3.06992,deb03d2d80d3709d3e44e28049a5f705f7b7238032017814af5948db7ad9915a,e28eedd47e4f1dbe26ce6ab478dbe023fc8df9b7044224691a41f003630b1f3e,afb7081898506524e3591af4e727461fc46efa2d,36247215750
F2-DENSE-N100000-M200-s103,tsfg,100,round-2,OK,True,100,100,106.64630169499999,106.611042103,106.610718749,,106.64630169499999,79159296,106.590928,deb03d2d80d3709d3e44e28049a5f705f7b7238032017814af5948db7ad9915a,e28eedd47e4f1dbe26ce6ab478dbe023fc8df9b7044224691a41f003630b1f3e,afb7081898506524e3591af4e727461fc46efa2d,36247215750
F2-DENSE-N100000-M200-s103,des,100,round-2,OK,True,100,100,11.496573657999988,11.446027395,11.436824202,,11.496573657999988,81653760,11.481867000000001,deb03d2d80d3709d3e44e28049a5f705f7b7238032017814af5948db7ad9915a,e28eedd47e4f1dbe26ce6ab478dbe023fc8df9b7044224691a41f003630b1f3e,afb7081898506524e3591af4e727461fc46efa2d,36247215750
F2-DENSE-N100000-M200-s103,des,100,round-2,OK,True,100,100,11.444817588999967,11.395000542,11.385906403,,11.444817588999967,84094976,11.432522,deb03d2d80d3709d3e44e28049a5f705f7b7238032017814af5948db7ad9915a,e28eedd47e4f1dbe26ce6ab478dbe023fc8df9b7044224691a41f003630b1f3e,afb7081898506524e3591af4e727461fc46efa2d,36247215750
F2-DENSE-N100000-M200-s103,tsfg,100,round-2,OK,True,100,100,106.77027078399999,106.735016574,106.732688745,,106.77027078399999,84537344,106.714018,deb03d2d80d3709d3e44e28049a5f705f7b7238032017814af5948db7ad9915a,e28eedd47e4f1dbe26ce6ab478dbe023fc8df9b7044224691a41f003630b1f3e,afb7081898506524e3591af4e727461fc46efa2d,36247215750
F2-DENSE-N100000-M200-s103,dag,100,round-2,OK,True,100,100,3.0813398989999996,2.991374643,2.982104745,,3.0813398989999996,85028864,3.0688500000000003,deb03d2d80d3709d3e44e28049a5f705f7b7238032017814af5948db7ad9915a,e28eedd47e4f1dbe26ce6ab478dbe023fc8df9b7044224691a41f003630b1f3e,afb7081898506524e3591af4e727461fc46efa2d,36247215750
F2-DENSE-N1000000-M200-s101,tsfg,100,round-0,TIMEOUT,False,28,28,,,,300,300.107766788,496771072,299.927901,3a570f7d07061048809b404bf0ee0b49db142e7cf8d4860ac449b4a1ac6f80bc,6f6a870829d43feb37c88deb22e26dbe46b30f76564368b4685a200581a88fe0,afb7081898506524e3591af4e727461fc46efa2d,36247215750
F2-DENSE-N1000000-M200-s101,des,100,round-0,OK,True,100,100,153.92304396099996,153.452420496,153.357061158,,153.92304396099996,431824896,153.786043,3a570f7d07061048809b404bf0ee0b49db142e7cf8d4860ac449b4a1ac6f80bc,6f6a870829d43feb37c88deb22e26dbe46b30f76564368b4685a200581a88fe0,afb7081898506524e3591af4e727461fc46efa2d,36247215750
F2-DENSE-N1000000-M200-s101,dag,100,round-0,OK,True,100,100,36.252319876,34.924138842,34.603027865,,36.252319876,450138112,33.678733,3a570f7d07061048809b404bf0ee0b49db142e7cf8d4860ac449b4a1ac6f80bc,6f6a870829d43feb37c88deb22e26dbe46b30f76564368b4685a200581a88fe0,afb7081898506524e3591af4e727461fc46efa2d,36247215750
F2-DENSE-N1000000-M200-s101,dag,100,round-0,OK,True,100,100,34.81502784300005,33.393975679,33.297795648,,34.81502784300005,461455360,33.948273,3a570f7d07061048809b404bf0ee0b49db142e7cf8d4860ac449b4a1ac6f80bc,6f6a870829d43feb37c88deb22e26dbe46b30f76564368b4685a200581a88fe0,afb7081898506524e3591af4e727461fc46efa2d,36247215750
F2-DENSE-N1000000-M200-s101,des,100,round-0,OK,True,100,100,158.75684936999994,158.24252806,158.149552078,,158.75684936999994,462868480,158.576558,3a570f7d07061048809b404bf0ee0b49db142e7cf8d4860ac449b4a1ac6f80bc,6f6a870829d43feb37c88deb22e26dbe46b30f76564368b4685a200581a88fe0,afb7081898506524e3591af4e727461fc46efa2d,36247215750
F2-DENSE-N1000000-M200-s101,tsfg,100,round-0,TIMEOUT,False,29,29,,,,300,300.10657961599986,473591808,299.916495,3a570f7d07061048809b404bf0ee0b49db142e7cf8d4860ac449b4a1ac6f80bc,6f6a870829d43feb37c88deb22e26dbe46b30f76564368b4685a200581a88fe0,afb7081898506524e3591af4e727461fc46efa2d,36247215750
F2-DENSE-N1000000-M200-s101,des,100,round-1,OK,True,100,100,165.367936691,165.015517829,164.932962792,,165.367936691,430305280,164.940675,3a570f7d07061048809b404bf0ee0b49db142e7cf8d4860ac449b4a1ac6f80bc,6f6a870829d43feb37c88deb22e26dbe46b30f76564368b4685a200581a88fe0,afb7081898506524e3591af4e727461fc46efa2d,36247215750
F2-DENSE-N1000000-M200-s101,dag,100,round-1,OK,True,100,100,33.26829755099999,32.170022528,32.03029936,,33.26829755099999,441139200,31.182064,3a570f7d07061048809b404bf0ee0b49db142e7cf8d4860ac449b4a1ac6f80bc,6f6a870829d43feb37c88deb22e26dbe46b30f76564368b4685a200581a88fe0,afb7081898506524e3591af4e727461fc46efa2d,36247215750
F2-DENSE-N1000000-M200-s101,tsfg,100,round-1,TIMEOUT,False,50,50,,,,300,300.110231557,504958976,299.935107,3a570f7d07061048809b404bf0ee0b49db142e7cf8d4860ac449b4a1ac6f80bc,6f6a870829d43feb37c88deb22e26dbe46b30f76564368b4685a200581a88fe0,afb7081898506524e3591af4e727461fc46efa2d,36247215750
F2-DENSE-N1000000-M200-s101,tsfg,100,round-1,TIMEOUT,False,51,51,,,,300,300.105835091,501432320,299.95405900000003,3a570f7d07061048809b404bf0ee0b49db142e7cf8d4860ac449b4a1ac6f80bc,6f6a870829d43feb37c88deb22e26dbe46b30f76564368b4685a200581a88fe0,afb7081898506524e3591af4e727461fc46efa2d,36247215750
F2-DENSE-N1000000-M200-s101,dag,100,round-1,OK,True,100,100,36.91011670299986,35.933822745,35.845098997,,36.91011670299986,456286208,29.913781,3a570f7d07061048809b404bf0ee0b49db142e7cf8d4860ac449b4a1ac6f80bc,6f6a870829d43feb37c88deb22e26dbe46b30f76564368b4685a200581a88fe0,afb7081898506524e3591af4e727461fc46efa2d,36247215750
F2-DENSE-N1000000-M200-s101,des,100,round-1,OK,True,100,100,176.18106793499987,175.83036165,175.743958691,,176.18106793499987,457187328,175.555793,3a570f7d07061048809b404bf0ee0b49db142e7cf8d4860ac449b4a1ac6f80bc,6f6a870829d43feb37c88deb22e26dbe46b30f76564368b4685a200581a88fe0,afb7081898506524e3591af4e727461fc46efa2d,36247215750
F2-DENSE-N1000000-M200-s101,dag,100,round-2,OK,True,100,100,36.06943398199999,34.712569712,34.610191446,,36.06943398199999,435867648,35.124626,3a570f7d07061048809b404bf0ee0b49db142e7cf8d4860ac449b4a1ac6f80bc,6f6a870829d43feb37c88deb22e26dbe46b30f76564368b4685a200581a88fe0,afb7081898506524e3591af4e727461fc46efa2d,36247215750
F2-DENSE-N1000000-M200-s101,tsfg,100,round-2,TIMEOUT,False,30,30,,,,300,300.10939112500006,486166528,300.037339,3a570f7d07061048809b404bf0ee0b49db142e7cf8d4860ac449b4a1ac6f80bc,6f6a870829d43feb37c88deb22e26dbe46b30f76564368b4685a200581a88fe0,afb7081898506524e3591af4e727461fc46efa2d,36247215750
F2-DENSE-N1000000-M200-s101,des,100,round-2,OK,True,100,100,181.78617889299994,181.239912573,181.136930352,,181.78617889299994,452501504,181.716815,3a570f7d07061048809b404bf0ee0b49db142e7cf8d4860ac449b4a1ac6f80bc,6f6a870829d43feb37c88deb22e26dbe46b30f76564368b4685a200581a88fe0,afb7081898506524e3591af4e727461fc46efa2d,36247215750
F2-DENSE-N1000000-M200-s101,des,100,round-2,OK,True,100,100,184.978518795,184.43908635,184.336457038,,184.978518795,452595712,184.489594,3a570f7d07061048809b404bf0ee0b49db142e7cf8d4860ac449b4a1ac6f80bc,6f6a870829d43feb37c88deb22e26dbe46b30f76564368b4685a200581a88fe0,afb7081898506524e3591af4e727461fc46efa2d,36247215750
F2-DENSE-N1000000-M200-s101,tsfg,100,round-2,TIMEOUT,False,29,29,,,,300,300.1071828600002,490545152,300.029703,3a570f7d07061048809b404bf0ee0b49db142e7cf8d4860ac449b4a1ac6f80bc,6f6a870829d43feb37c88deb22e26dbe46b30f76564368b4685a200581a88fe0,afb7081898506524e3591af4e727461fc46efa2d,36247215750
F2-DENSE-N1000000-M200-s101,dag,100,round-2,OK,True,100,100,37.82210619900002,36.356547433,35.979481842,,37.82210619900002,454651904,36.299952999999995,3a570f7d07061048809b404bf0ee0b49db142e7cf8d4860ac449b4a1ac6f80bc,6f6a870829d43feb37c88deb22e26dbe46b30f76564368b4685a200581a88fe0,afb7081898506524e3591af4e727461fc46efa2d,36247215750
F2-DENSE-N1000000-M200-s102,tsfg,100,round-0,TIMEOUT,False,28,28,,,,300,300.104262245,484360192,299.997982,50b51863db04ba0b82dfd7654638b7e375bdd6779ae7bb09525e183bd8e24c9d,331e48c71d932c82543540af5d9d6022fece07f6f2c09683b0fdf2a9f0b13575,afb7081898506524e3591af4e727461fc46efa2d,36247215750
F2-DENSE-N1000000-M200-s102,des,100,round-0,OK,True,100,100,160.32116014500002,159.825452145,159.734118482,,160.32116014500002,433340416,160.210432,50b51863db04ba0b82dfd7654638b7e375bdd6779ae7bb09525e183bd8e24c9d,331e48c71d932c82543540af5d9d6022fece07f6f2c09683b0fdf2a9f0b13575,afb7081898506524e3591af4e727461fc46efa2d,36247215750
F2-DENSE-N1000000-M200-s102,dag,100,round-0,OK,True,100,100,36.485561725000025,35.107964314,35.012374524,,36.485561725000025,449388544,33.973607,50b51863db04ba0b82dfd7654638b7e375bdd6779ae7bb09525e183bd8e24c9d,331e48c71d932c82543540af5d9d6022fece07f6f2c09683b0fdf2a9f0b13575,afb7081898506524e3591af4e727461fc46efa2d,36247215750
F2-DENSE-N1000000-M200-s102,dag,100,round-0,OK,True,100,100,35.86628512699997,34.531657206,34.436950664,,35.86628512699997,463298560,33.217474,50b51863db04ba0b82dfd7654638b7e375bdd6779ae7bb09525e183bd8e24c9d,331e48c71d932c82543540af5d9d6022fece07f6f2c09683b0fdf2a9f0b13575,afb7081898506524e3591af4e727461fc46efa2d,36247215750
F2-DENSE-N1000000-M200-s102,des,100,round-0,OK,True,100,100,173.95951245300012,173.472224332,173.381140981,,173.95951245300012,463634432,173.85703900000001,50b51863db04ba0b82dfd7654638b7e375bdd6779ae7bb09525e183bd8e24c9d,331e48c71d932c82543540af5d9d6022fece07f6f2c09683b0fdf2a9f0b13575,afb7081898506524e3591af4e727461fc46efa2d,36247215750
F2-DENSE-N1000000-M200-s102,tsfg,100,round-0,TIMEOUT,False,28,28,,,,300,300.1049481100001,488574976,300.009892,50b51863db04ba0b82dfd7654638b7e375bdd6779ae7bb09525e183bd8e24c9d,331e48c71d932c82543540af5d9d6022fece07f6f2c09683b0fdf2a9f0b13575,afb7081898506524e3591af4e727461fc46efa2d,36247215750
F2-DENSE-N1000000-M200-s102,des,100,round-1,OK,True,100,100,169.58058018600002,169.073603273,168.940117273,,169.58058018600002,431181824,169.390792,50b51863db04ba0b82dfd7654638b7e375bdd6779ae7bb09525e183bd8e24c9d,331e48c71d932c82543540af5d9d6022fece07f6f2c09683b0fdf2a9f0b13575,afb7081898506524e3591af4e727461fc46efa2d,36247215750
F2-DENSE-N1000000-M200-s102,dag,100,round-1,OK,True,100,100,35.001810922000004,33.645283474,33.54907444,,35.001810922000004,437002240,34.002068,50b51863db04ba0b82dfd7654638b7e375bdd6779ae7bb09525e183bd8e24c9d,331e48c71d932c82543540af5d9d6022fece07f6f2c09683b0fdf2a9f0b13575,afb7081898506524e3591af4e727461fc46efa2d,36247215750
F2-DENSE-N1000000-M200-s102,tsfg,100,round-1,TIMEOUT,False,28,28,,,,300,300.10765936,492261376,300.026228,50b51863db04ba0b82dfd7654638b7e375bdd6779ae7bb09525e183bd8e24c9d,331e48c71d932c82543540af5d9d6022fece07f6f2c09683b0fdf2a9f0b13575,afb7081898506524e3591af4e727461fc46efa2d,36247215750
F2-DENSE-N1000000-M200-s102,tsfg,100,round-1,TIMEOUT,False,28,28,,,,300,300.11321862700004,477708288,300.029213,50b51863db04ba0b82dfd7654638b7e375bdd6779ae7bb09525e183bd8e24c9d,331e48c71d932c82543540af5d9d6022fece07f6f2c09683b0fdf2a9f0b13575,afb7081898506524e3591af4e727461fc46efa2d,36247215750
F2-DENSE-N1000000-M200-s102,dag,100,round-1,OK,True,100,100,34.92448435000006,33.462057182,33.3498229,,34.92448435000006,453246976,33.782565999999996,50b51863db04ba0b82dfd7654638b7e375bdd6779ae7bb09525e183bd8e24c9d,331e48c71d932c82543540af5d9d6022fece07f6f2c09683b0fdf2a9f0b13575,afb7081898506524e3591af4e727461fc46efa2d,36247215750
F2-DENSE-N1000000-M200-s102,des,100,round-1,OK,True,100,100,173.12029905100007,172.649717697,172.558820496,,173.12029905100007,453246976,173.007384,50b51863db04ba0b82dfd7654638b7e375bdd6779ae7bb09525e183bd8e24c9d,331e48c71d932c82543540af5d9d6022fece07f6f2c09683b0fdf2a9f0b13575,afb7081898506524e3591af4e727461fc46efa2d,36247215750
F2-DENSE-N1000000-M200-s102,dag,100,round-2,OK,True,100,100,27.817321178000014,26.771711528,26.720680916,,27.817321178000014,436457472,21.657816999999998,50b51863db04ba0b82dfd7654638b7e375bdd6779ae7bb09525e183bd8e24c9d,331e48c71d932c82543540af5d9d6022fece07f6f2c09683b0fdf2a9f0b13575,afb7081898506524e3591af4e727461fc46efa2d,36247215750
F2-DENSE-N1000000-M200-s102,tsfg,100,round-2,TIMEOUT,False,51,51,,,,300,300.10930972899996,496226304,299.669399,50b51863db04ba0b82dfd7654638b7e375bdd6779ae7bb09525e183bd8e24c9d,331e48c71d932c82543540af5d9d6022fece07f6f2c09683b0fdf2a9f0b13575,afb7081898506524e3591af4e727461fc46efa2d,36247215750
F2-DENSE-N1000000-M200-s102,des,100,round-2,OK,True,100,100,132.31978625299996,132.009313692,131.961316778,,132.31978625299996,463147008,130.393285,50b51863db04ba0b82dfd7654638b7e375bdd6779ae7bb09525e183bd8e24c9d,331e48c71d932c82543540af5d9d6022fece07f6f2c09683b0fdf2a9f0b13575,afb7081898506524e3591af4e727461fc46efa2d,36247215750
F2-DENSE-N1000000-M200-s102,des,100,round-2,OK,True,100,100,144.46068192299992,144.139862095,144.090331842,,144.46068192299992,489066496,143.44545599999998,50b51863db04ba0b82dfd7654638b7e375bdd6779ae7bb09525e183bd8e24c9d,331e48c71d932c82543540af5d9d6022fece07f6f2c09683b0fdf2a9f0b13575,afb7081898506524e3591af4e727461fc46efa2d,36247215750
F2-DENSE-N1000000-M200-s102,tsfg,100,round-2,TIMEOUT,False,52,52,,,,300,300.10790531300006,494768128,300.010694,50b51863db04ba0b82dfd7654638b7e375bdd6779ae7bb09525e183bd8e24c9d,331e48c71d932c82543540af5d9d6022fece07f6f2c09683b0fdf2a9f0b13575,afb7081898506524e3591af4e727461fc46efa2d,36247215750
F2-DENSE-N1000000-M200-s102,dag,100,round-2,OK,True,100,100,25.845817291999992,24.854293658,24.724637636,,25.845817291999992,489066496,21.556638,50b51863db04ba0b82dfd7654638b7e375bdd6779ae7bb09525e183bd8e24c9d,331e48c71d932c82543540af5d9d6022fece07f6f2c09683b0fdf2a9f0b13575,afb7081898506524e3591af4e727461fc46efa2d,36247215750
F2-DENSE-N1000000-M200-s103,tsfg,100,round-0,TIMEOUT,False,45,45,,,,300,300.10509365100006,489398272,300.027604,d87c91a564e5034e7dac0cfc026b0080868905480f95899b13ab10224dd9e0ec,5db70c9a063db3c59dc994e27218fd12efca5370c4264acbe6a65e98f9c50d7b,afb7081898506524e3591af4e727461fc46efa2d,36247215750
F2-DENSE-N1000000-M200-s103,des,100,round-0,OK,True,100,100,138.471518532,138.125079652,138.050578297,,138.471518532,433111040,137.985284,d87c91a564e5034e7dac0cfc026b0080868905480f95899b13ab10224dd9e0ec,5db70c9a063db3c59dc994e27218fd12efca5370c4264acbe6a65e98f9c50d7b,afb7081898506524e3591af4e727461fc46efa2d,36247215750
F2-DENSE-N1000000-M200-s103,dag,100,round-0,OK,True,100,100,28.35106011000005,27.520045775,27.442133322,,28.35106011000005,436346880,26.830984,d87c91a564e5034e7dac0cfc026b0080868905480f95899b13ab10224dd9e0ec,5db70c9a063db3c59dc994e27218fd12efca5370c4264acbe6a65e98f9c50d7b,afb7081898506524e3591af4e727461fc46efa2d,36247215750
F2-DENSE-N1000000-M200-s103,dag,100,round-0,OK,True,100,100,29.485341108000057,28.687179314,28.613401875,,29.485341108000057,461250560,26.695710000000002,d87c91a564e5034e7dac0cfc026b0080868905480f95899b13ab10224dd9e0ec,5db70c9a063db3c59dc994e27218fd12efca5370c4264acbe6a65e98f9c50d7b,afb7081898506524e3591af4e727461fc46efa2d,36247215750
F2-DENSE-N1000000-M200-s103,des,100,round-0,OK,True,100,100,137.265805345,136.926925735,136.853236756,,137.265805345,461377536,137.100236,d87c91a564e5034e7dac0cfc026b0080868905480f95899b13ab10224dd9e0ec,5db70c9a063db3c59dc994e27218fd12efca5370c4264acbe6a65e98f9c50d7b,afb7081898506524e3591af4e727461fc46efa2d,36247215750
F2-DENSE-N1000000-M200-s103,tsfg,100,round-0,TIMEOUT,False,45,45,,,,300,300.10496027500005,491040768,300.05297,d87c91a564e5034e7dac0cfc026b0080868905480f95899b13ab10224dd9e0ec,5db70c9a063db3c59dc994e27218fd12efca5370c4264acbe6a65e98f9c50d7b,afb7081898506524e3591af4e727461fc46efa2d,36247215750
F2-DENSE-N1000000-M200-s103,des,100,round-1,OK,True,100,100,170.708346268,170.174710579,170.073042452,,170.708346268,430473216,170.627995,d87c91a564e5034e7dac0cfc026b0080868905480f95899b13ab10224dd9e0ec,5db70c9a063db3c59dc994e27218fd12efca5370c4264acbe6a65e98f9c50d7b,afb7081898506524e3591af4e727461fc46efa2d,36247215750
F2-DENSE-N1000000-M200-s103,dag,100,round-1,OK,True,100,100,35.37695517100002,34.055522374,33.952811705,,35.37695517100002,437919744,34.684621,d87c91a564e5034e7dac0cfc026b0080868905480f95899b13ab10224dd9e0ec,5db70c9a063db3c59dc994e27218fd12efca5370c4264acbe6a65e98f9c50d7b,afb7081898506524e3591af4e727461fc46efa2d,36247215750
F2-DENSE-N1000000-M200-s103,tsfg,100,round-1,TIMEOUT,False,30,30,,,,300,300.10868977999996,474759168,300.03253,d87c91a564e5034e7dac0cfc026b0080868905480f95899b13ab10224dd9e0ec,5db70c9a063db3c59dc994e27218fd12efca5370c4264acbe6a65e98f9c50d7b,afb7081898506524e3591af4e727461fc46efa2d,36247215750
F2-DENSE-N1000000-M200-s103,tsfg,100,round-1,TIMEOUT,False,30,30,,,,300,300.1063147939999,489820160,300.036752,d87c91a564e5034e7dac0cfc026b0080868905480f95899b13ab10224dd9e0ec,5db70c9a063db3c59dc994e27218fd12efca5370c4264acbe6a65e98f9c50d7b,afb7081898506524e3591af4e727461fc46efa2d,36247215750
F2-DENSE-N1000000-M200-s103,dag,100,round-1,OK,True,100,100,36.61045053099997,35.338814758,35.235978965,,36.61045053099997,451465216,34.574109,d87c91a564e5034e7dac0cfc026b0080868905480f95899b13ab10224dd9e0ec,5db70c9a063db3c59dc994e27218fd12efca5370c4264acbe6a65e98f9c50d7b,afb7081898506524e3591af4e727461fc46efa2d,36247215750
F2-DENSE-N1000000-M200-s103,des,100,round-1,OK,True,100,100,171.62965219600005,171.086260479,170.983277186,,171.62965219600005,451465216,171.58229,d87c91a564e5034e7dac0cfc026b0080868905480f95899b13ab10224dd9e0ec,5db70c9a063db3c59dc994e27218fd12efca5370c4264acbe6a65e98f9c50d7b,afb7081898506524e3591af4e727461fc46efa2d,36247215750
F2-DENSE-N1000000-M200-s103,dag,100,round-2,OK,True,100,100,35.860977405,34.576697695,34.482656614,,35.860977405,436125696,32.749019000000004,d87c91a564e5034e7dac0cfc026b0080868905480f95899b13ab10224dd9e0ec,5db70c9a063db3c59dc994e27218fd12efca5370c4264acbe6a65e98f9c50d7b,afb7081898506524e3591af4e727461fc46efa2d,36247215750
F2-DENSE-N1000000-M200-s103,tsfg,100,round-2,TIMEOUT,False,28,28,,,,300,300.10643736099996,491335680,299.896051,d87c91a564e5034e7dac0cfc026b0080868905480f95899b13ab10224dd9e0ec,5db70c9a063db3c59dc994e27218fd12efca5370c4264acbe6a65e98f9c50d7b,afb7081898506524e3591af4e727461fc46efa2d,36247215750
F2-DENSE-N1000000-M200-s103,des,100,round-2,OK,True,100,100,149.34183201299993,148.849892756,148.756345501,,149.34183201299993,460591104,149.26606900000002,d87c91a564e5034e7dac0cfc026b0080868905480f95899b13ab10224dd9e0ec,5db70c9a063db3c59dc994e27218fd12efca5370c4264acbe6a65e98f9c50d7b,afb7081898506524e3591af4e727461fc46efa2d,36247215750
F2-DENSE-N1000000-M200-s103,des,100,round-2,OK,True,100,100,154.05255321099992,153.567239881,153.474350631,,154.05255321099992,461148160,153.971576,d87c91a564e5034e7dac0cfc026b0080868905480f95899b13ab10224dd9e0ec,5db70c9a063db3c59dc994e27218fd12efca5370c4264acbe6a65e98f9c50d7b,afb7081898506524e3591af4e727461fc46efa2d,36247215750
F2-DENSE-N1000000-M200-s103,tsfg,100,round-2,TIMEOUT,False,28,28,,,,300,300.10675159799996,486035456,299.91043299999995,d87c91a564e5034e7dac0cfc026b0080868905480f95899b13ab10224dd9e0ec,5db70c9a063db3c59dc994e27218fd12efca5370c4264acbe6a65e98f9c50d7b,afb7081898506524e3591af4e727461fc46efa2d,36247215750
F2-DENSE-N1000000-M200-s103,dag,100,round-2,OK,True,100,100,35.24274243699983,33.925318062,33.83067111,,35.24274243699983,461860864,33.351369,d87c91a564e5034e7dac0cfc026b0080868905480f95899b13ab10224dd9e0ec,5db70c9a063db3c59dc994e27218fd12efca5370c4264acbe6a65e98f9c50d7b,afb7081898506524e3591af4e727461fc46efa2d,36247215750
F2-SPARSE-N100000-M200-s101,tsfg,100,round-0,OK,True,100,100,171.14861618199996,171.12589357,171.125555067,,171.14861618199996,77516800,171.09050000000002,666bb8a1acd3c0461f0c87737b5125474ae2d1b1175b6c8df22d4e4b3eb2f1ed,56584806e6ecd37a7a724908ea01a431a9e5d6cd757be24dd8b2e92d5da70a51,afb7081898506524e3591af4e727461fc46efa2d,36247215750
F2-SPARSE-N100000-M200-s101,des,100,round-0,OK,True,100,100,8.44528577199992,8.415520982,8.410477324,,8.44528577199992,75517952,8.418289999999999,666bb8a1acd3c0461f0c87737b5125474ae2d1b1175b6c8df22d4e4b3eb2f1ed,56584806e6ecd37a7a724908ea01a431a9e5d6cd757be24dd8b2e92d5da70a51,afb7081898506524e3591af4e727461fc46efa2d,36247215750
F2-SPARSE-N100000-M200-s101,dag,100,round-0,OK,True,100,100,1.8204962400000113,1.754929185,1.749782501,,1.8204962400000113,75517952,1.7959669999999999,666bb8a1acd3c0461f0c87737b5125474ae2d1b1175b6c8df22d4e4b3eb2f1ed,56584806e6ecd37a7a724908ea01a431a9e5d6cd757be24dd8b2e92d5da70a51,afb7081898506524e3591af4e727461fc46efa2d,36247215750
F2-SPARSE-N100000-M200-s101,dag,100,round-0,OK,True,100,100,1.7978505900000528,1.731139093,1.725972139,,1.7978505900000528,75517952,1.770388,666bb8a1acd3c0461f0c87737b5125474ae2d1b1175b6c8df22d4e4b3eb2f1ed,56584806e6ecd37a7a724908ea01a431a9e5d6cd757be24dd8b2e92d5da70a51,afb7081898506524e3591af4e727461fc46efa2d,36247215750
F2-SPARSE-N100000-M200-s101,des,100,round-0,OK,True,100,100,8.235262725999974,8.202272725,8.197187543,,8.235262725999974,75517952,8.205074999999999,666bb8a1acd3c0461f0c87737b5125474ae2d1b1175b6c8df22d4e4b3eb2f1ed,56584806e6ecd37a7a724908ea01a431a9e5d6cd757be24dd8b2e92d5da70a51,afb7081898506524e3591af4e727461fc46efa2d,36247215750
F2-SPARSE-N100000-M200-s101,tsfg,100,round-0,OK,True,100,100,168.73675651100007,168.71334345,168.712986489,,168.73675651100007,77438976,168.674982,666bb8a1acd3c0461f0c87737b5125474ae2d1b1175b6c8df22d4e4b3eb2f1ed,56584806e6ecd37a7a724908ea01a431a9e5d6cd757be24dd8b2e92d5da70a51,afb7081898506524e3591af4e727461fc46efa2d,36247215750
F2-SPARSE-N100000-M200-s101,des,100,round-1,OK,True,100,100,11.557882434000007,11.510275659,11.500989139,,11.557882434000007,56655872,11.541375,666bb8a1acd3c0461f0c87737b5125474ae2d1b1175b6c8df22d4e4b3eb2f1ed,56584806e6ecd37a7a724908ea01a431a9e5d6cd757be24dd8b2e92d5da70a51,afb7081898506524e3591af4e727461fc46efa2d,36247215750
F2-SPARSE-N100000-M200-s101,dag,100,round-1,OK,True,100,100,3.0176853959999903,2.930091524,2.920870066,,3.0176853959999903,77303808,3.0033030000000003,666bb8a1acd3c0461f0c87737b5125474ae2d1b1175b6c8df22d4e4b3eb2f1ed,56584806e6ecd37a7a724908ea01a431a9e5d6cd757be24dd8b2e92d5da70a51,afb7081898506524e3591af4e727461fc46efa2d,36247215750
F2-SPARSE-N100000-M200-s101,tsfg,100,round-1,TIMEOUT,False,96,96,,,,300,300.10198592300003,79867904,300.01595399999997,666bb8a1acd3c0461f0c87737b5125474ae2d1b1175b6c8df22d4e4b3eb2f1ed,56584806e6ecd37a7a724908ea01a431a9e5d6cd757be24dd8b2e92d5da70a51,afb7081898506524e3591af4e727461fc46efa2d,36247215750
F2-SPARSE-N100000-M200-s101,tsfg,100,round-1,TIMEOUT,False,96,96,,,,300,300.101938904,80654336,300.00546999999995,666bb8a1acd3c0461f0c87737b5125474ae2d1b1175b6c8df22d4e4b3eb2f1ed,56584806e6ecd37a7a724908ea01a431a9e5d6cd757be24dd8b2e92d5da70a51,afb7081898506524e3591af4e727461fc46efa2d,36247215750
F2-SPARSE-N100000-M200-s101,dag,100,round-1,OK,True,100,100,2.9665243590000046,2.884688141,2.875537017,,2.9665243590000046,80654336,2.953007,666bb8a1acd3c0461f0c87737b5125474ae2d1b1175b6c8df22d4e4b3eb2f1ed,56584806e6ecd37a7a724908ea01a431a9e5d6cd757be24dd8b2e92d5da70a51,afb7081898506524e3591af4e727461fc46efa2d,36247215750
F2-SPARSE-N100000-M200-s101,des,100,round-1,OK,True,100,100,11.631427567999935,11.583418656,11.574301716,,11.631427567999935,80654336,11.613652,666bb8a1acd3c0461f0c87737b5125474ae2d1b1175b6c8df22d4e4b3eb2f1ed,56584806e6ecd37a7a724908ea01a431a9e5d6cd757be24dd8b2e92d5da70a51,afb7081898506524e3591af4e727461fc46efa2d,36247215750
F2-SPARSE-N100000-M200-s101,dag,100,round-2,OK,True,100,100,2.669410441999986,2.578391882,2.570334947,,2.669410441999986,57085952,2.489004,666bb8a1acd3c0461f0c87737b5125474ae2d1b1175b6c8df22d4e4b3eb2f1ed,56584806e6ecd37a7a724908ea01a431a9e5d6cd757be24dd8b2e92d5da70a51,afb7081898506524e3591af4e727461fc46efa2d,36247215750
F2-SPARSE-N100000-M200-s101,tsfg,100,round-2,OK,True,100,100,234.142134765,234.113745877,234.113414447,,234.142134765,76566528,234.003275,666bb8a1acd3c0461f0c87737b5125474ae2d1b1175b6c8df22d4e4b3eb2f1ed,56584806e6ecd37a7a724908ea01a431a9e5d6cd757be24dd8b2e92d5da70a51,afb7081898506524e3591af4e727461fc46efa2d,36247215750
F2-SPARSE-N100000-M200-s101,des,100,round-2,OK,True,100,100,10.45820330600003,10.414868972,10.406780398,,10.45820330600003,79175680,10.38993,666bb8a1acd3c0461f0c87737b5125474ae2d1b1175b6c8df22d4e4b3eb2f1ed,56584806e6ecd37a7a724908ea01a431a9e5d6cd757be24dd8b2e92d5da70a51,afb7081898506524e3591af4e727461fc46efa2d,36247215750
F2-SPARSE-N100000-M200-s101,des,100,round-2,OK,True,100,100,10.599291435999987,10.553149716,10.545124487,,10.599291435999987,79175680,10.488564,666bb8a1acd3c0461f0c87737b5125474ae2d1b1175b6c8df22d4e4b3eb2f1ed,56584806e6ecd37a7a724908ea01a431a9e5d6cd757be24dd8b2e92d5da70a51,afb7081898506524e3591af4e727461fc46efa2d,36247215750
F2-SPARSE-N100000-M200-s101,tsfg,100,round-2,OK,True,100,100,234.42685273200004,234.397671018,234.397328682,,234.42685273200004,79175680,234.30025899999998,666bb8a1acd3c0461f0c87737b5125474ae2d1b1175b6c8df22d4e4b3eb2f1ed,56584806e6ecd37a7a724908ea01a431a9e5d6cd757be24dd8b2e92d5da70a51,afb7081898506524e3591af4e727461fc46efa2d,36247215750
F2-SPARSE-N100000-M200-s101,dag,100,round-2,OK,True,100,100,2.510198953999975,2.410656087,2.402532538,,2.510198953999975,79175680,2.495607,666bb8a1acd3c0461f0c87737b5125474ae2d1b1175b6c8df22d4e4b3eb2f1ed,56584806e6ecd37a7a724908ea01a431a9e5d6cd757be24dd8b2e92d5da70a51,afb7081898506524e3591af4e727461fc46efa2d,36247215750
F2-SPARSE-N100000-M200-s102,tsfg,100,round-0,TIMEOUT,False,97,97,,,,300,300.10141450900005,62603264,299.968039,f654606ee6e777919e41e172e27f7e93a68c5624bdf3463117e240720692bc10,440291cfb46523b197ff9c84fcb89b9c4062116ee2bdaad5e5b7fee68ce21a40,afb7081898506524e3591af4e727461fc46efa2d,36247215750
F2-SPARSE-N100000-M200-s102,des,100,round-0,OK,True,100,100,11.372650092999947,11.325478061,11.316317932,,11.372650092999947,75284480,11.35424,f654606ee6e777919e41e172e27f7e93a68c5624bdf3463117e240720692bc10,440291cfb46523b197ff9c84fcb89b9c4062116ee2bdaad5e5b7fee68ce21a40,afb7081898506524e3591af4e727461fc46efa2d,36247215750
F2-SPARSE-N100000-M200-s102,dag,100,round-0,OK,True,100,100,2.9458199929999864,2.860896651,2.851387043,,2.9458199929999864,75284480,2.930801,f654606ee6e777919e41e172e27f7e93a68c5624bdf3463117e240720692bc10,440291cfb46523b197ff9c84fcb89b9c4062116ee2bdaad5e5b7fee68ce21a40,afb7081898506524e3591af4e727461fc46efa2d,36247215750
F2-SPARSE-N100000-M200-s102,dag,100,round-0,OK,True,100,100,2.932366007999917,2.853244424,2.844187355,,2.932366007999917,79552512,2.91756,f654606ee6e777919e41e172e27f7e93a68c5624bdf3463117e240720692bc10,440291cfb46523b197ff9c84fcb89b9c4062116ee2bdaad5e5b7fee68ce21a40,afb7081898506524e3591af4e727461fc46efa2d,36247215750
F2-SPARSE-N100000-M200-s102,des,100,round-0,OK,True,100,100,11.32223582100005,11.274685907,11.265571964,,11.32223582100005,79552512,11.309431,f654606ee6e777919e41e172e27f7e93a68c5624bdf3463117e240720692bc10,440291cfb46523b197ff9c84fcb89b9c4062116ee2bdaad5e5b7fee68ce21a40,afb7081898506524e3591af4e727461fc46efa2d,36247215750
F2-SPARSE-N100000-M200-s102,tsfg,100,round-0,TIMEOUT,False,97,97,,,,300,300.1014929789999,79552512,299.964958,f654606ee6e777919e41e172e27f7e93a68c5624bdf3463117e240720692bc10,440291cfb46523b197ff9c84fcb89b9c4062116ee2bdaad5e5b7fee68ce21a40,afb7081898506524e3591af4e727461fc46efa2d,36247215750
F2-SPARSE-N100000-M200-s102,des,100,round-1,OK,True,100,100,12.149043308000003,12.105962906,12.097259601,,12.149043308000003,57102336,12.131216,f654606ee6e777919e41e172e27f7e93a68c5624bdf3463117e240720692bc10,440291cfb46523b197ff9c84fcb89b9c4062116ee2bdaad5e5b7fee68ce21a40,afb7081898506524e3591af4e727461fc46efa2d,36247215750
F2-SPARSE-N100000-M200-s102,dag,100,round-1,OK,True,100,100,2.9378491959999877,2.845139669,2.836618138,,2.9378491959999877,77008896,2.92517,f654606ee6e777919e41e172e27f7e93a68c5624bdf3463117e240720692bc10,440291cfb46523b197ff9c84fcb89b9c4062116ee2bdaad5e5b7fee68ce21a40,afb7081898506524e3591af4e727461fc46efa2d,36247215750
F2-SPARSE-N100000-M200-s102,tsfg,100,round-1,OK,True,100,100,268.23566004,268.202833475,268.202540266,,268.23566004,79761408,268.16396399999996,f654606ee6e777919e41e172e27f7e93a68c5624bdf3463117e240720692bc10,440291cfb46523b197ff9c84fcb89b9c4062116ee2bdaad5e5b7fee68ce21a40,afb7081898506524e3591af4e727461fc46efa2d,36247215750
F2-SPARSE-N100000-M200-s102,tsfg,100,round-1,OK,True,100,100,267.976895424,267.944143845,267.943697687,,267.976895424,79761408,267.908656,f654606ee6e777919e41e172e27f7e93a68c5624bdf3463117e240720692bc10,440291cfb46523b197ff9c84fcb89b9c4062116ee2bdaad5e5b7fee68ce21a40,afb7081898506524e3591af4e727461fc46efa2d,36247215750
F2-SPARSE-N100000-M200-s102,dag,100,round-1,OK,True,100,100,2.86926703000006,2.79067156,2.782339092,,2.86926703000006,79761408,2.849662,f654606ee6e777919e41e172e27f7e93a68c5624bdf3463117e240720692bc10,440291cfb46523b197ff9c84fcb89b9c4062116ee2bdaad5e5b7fee68ce21a40,afb7081898506524e3591af4e727461fc46efa2d,36247215750
F2-SPARSE-N100000-M200-s102,des,100,round-1,OK,True,100,100,11.838028548000011,11.796252749,11.787667337,,11.838028548000011,79892480,11.820504000000001,f654606ee6e777919e41e172e27f7e93a68c5624bdf3463117e240720692bc10,440291cfb46523b197ff9c84fcb89b9c4062116ee2bdaad5e5b7fee68ce21a40,afb7081898506524e3591af4e727461fc46efa2d,36247215750
F2-SPARSE-N100000-M200-s102,dag,100,round-2,OK,True,100,100,2.989114561000008,2.905786812,2.896645699,,2.989114561000008,56700928,2.9743060000000003,f654606ee6e777919e41e172e27f7e93a68c5624bdf3463117e240720692bc10,440291cfb46523b197ff9c84fcb89b9c4062116ee2bdaad5e5b7fee68ce21a40,afb7081898506524e3591af4e727461fc46efa2d,36247215750
F2-SPARSE-N100000-M200-s102,tsfg,100,round-2,TIMEOUT,False,96,96,,,,300,300.102483528,78237696,300.021471,f654606ee6e777919e41e172e27f7e93a68c5624bdf3463117e240720692bc10,440291cfb46523b197ff9c84fcb89b9c4062116ee2bdaad5e5b7fee68ce21a40,afb7081898506524e3591af4e727461fc46efa2d,36247215750
F2-SPARSE-N100000-M200-s102,des,100,round-2,OK,True,100,100,11.910447748000024,11.862146015,11.852720731,,11.910447748000024,78237696,11.893095,f654606ee6e777919e41e172e27f7e93a68c5624bdf3463117e240720692bc10,440291cfb46523b197ff9c84fcb89b9c4062116ee2bdaad5e5b7fee68ce21a40,afb7081898506524e3591af4e727461fc46efa2d,36247215750
F2-SPARSE-N100000-M200-s102,des,100,round-2,OK,True,100,100,11.939047326999912,11.886614193,11.877273858,,11.939047326999912,78237696,11.926572,f654606ee6e777919e41e172e27f7e93a68c5624bdf3463117e240720692bc10,440291cfb46523b197ff9c84fcb89b9c4062116ee2bdaad5e5b7fee68ce21a40,afb7081898506524e3591af4e727461fc46efa2d,36247215750
F2-SPARSE-N100000-M200-s102,tsfg,100,round-2,TIMEOUT,False,96,96,,,,300,300.101733436,78237696,300.027293,f654606ee6e777919e41e172e27f7e93a68c5624bdf3463117e240720692bc10,440291cfb46523b197ff9c84fcb89b9c4062116ee2bdaad5e5b7fee68ce21a40,afb7081898506524e3591af4e727461fc46efa2d,36247215750
F2-SPARSE-N100000-M200-s102,dag,100,round-2,OK,True,100,100,3.0008833240000286,2.899423425,2.89008853,,3.0008833240000286,78237696,2.9856399999999996,f654606ee6e777919e41e172e27f7e93a68c5624bdf3463117e240720692bc10,440291cfb46523b197ff9c84fcb89b9c4062116ee2bdaad5e5b7fee68ce21a40,afb7081898506524e3591af4e727461fc46efa2d,36247215750
F2-SPARSE-N100000-M200-s103,tsfg,100,round-0,OK,True,100,100,269.658026709,269.624799711,269.624545865,,269.658026709,63967232,269.574536,66c3f7fd51dace30df3c86a167c1b41f1bf98603332a38cd36a7884182810cd8,6a4de42443bb4a6efe4b22671ee23aaf6200bc2d55b2435e07b14c0716b843aa,afb7081898506524e3591af4e727461fc46efa2d,36247215750
F2-SPARSE-N100000-M200-s103,des,100,round-0,OK,True,100,100,12.340925475000006,12.298133427,12.289699726,,12.340925475000006,75407360,12.324565999999999,66c3f7fd51dace30df3c86a167c1b41f1bf98603332a38cd36a7884182810cd8,6a4de42443bb4a6efe4b22671ee23aaf6200bc2d55b2435e07b14c0716b843aa,afb7081898506524e3591af4e727461fc46efa2d,36247215750
F2-SPARSE-N100000-M200-s103,dag,100,round-0,OK,True,100,100,2.958031672000004,2.864682841,2.85615901,,2.958031672000004,78028800,2.946322,66c3f7fd51dace30df3c86a167c1b41f1bf98603332a38cd36a7884182810cd8,6a4de42443bb4a6efe4b22671ee23aaf6200bc2d55b2435e07b14c0716b843aa,afb7081898506524e3591af4e727461fc46efa2d,36247215750
F2-SPARSE-N100000-M200-s103,dag,100,round-0,OK,True,100,100,2.9525422640000443,2.862575091,2.853929221,,2.9525422640000443,78102528,2.938748,66c3f7fd51dace30df3c86a167c1b41f1bf98603332a38cd36a7884182810cd8,6a4de42443bb4a6efe4b22671ee23aaf6200bc2d55b2435e07b14c0716b843aa,afb7081898506524e3591af4e727461fc46efa2d,36247215750
F2-SPARSE-N100000-M200-s103,des,100,round-0,OK,True,100,100,12.329159231999995,12.285882393,12.277337828,,12.329159231999995,78102528,12.312793999999998,66c3f7fd51dace30df3c86a167c1b41f1bf98603332a38cd36a7884182810cd8,6a4de42443bb4a6efe4b22671ee23aaf6200bc2d55b2435e07b14c0716b843aa,afb7081898506524e3591af4e727461fc46efa2d,36247215750
F2-SPARSE-N100000-M200-s103,tsfg,100,round-0,OK,True,100,100,269.112209644,269.077719225,269.077325756,,269.112209644,78102528,269.040028,66c3f7fd51dace30df3c86a167c1b41f1bf98603332a38cd36a7884182810cd8,6a4de42443bb4a6efe4b22671ee23aaf6200bc2d55b2435e07b14c0716b843aa,afb7081898506524e3591af4e727461fc46efa2d,36247215750
F2-SPARSE-N100000-M200-s103,des,100,round-1,OK,True,100,100,12.512066224000009,12.459566755,12.450216435,,12.512066224000009,56963072,12.492755,66c3f7fd51dace30df3c86a167c1b41f1bf98603332a38cd36a7884182810cd8,6a4de42443bb4a6efe4b22671ee23aaf6200bc2d55b2435e07b14c0716b843aa,afb7081898506524e3591af4e727461fc46efa2d,36247215750
F2-SPARSE-N100000-M200-s103,dag,100,round-1,OK,True,100,100,3.0139260440000157,2.917815894,2.908561944,,3.0139260440000157,78348288,3.002647,66c3f7fd51dace30df3c86a167c1b41f1bf98603332a38cd36a7884182810cd8,6a4de42443bb4a6efe4b22671ee23aaf6200bc2d55b2435e07b14c0716b843aa,afb7081898506524e3591af4e727461fc46efa2d,36247215750
F2-SPARSE-N100000-M200-s103,tsfg,100,round-1,TIMEOUT,False,96,96,,,,300,300.102229197,78348288,300.031019,66c3f7fd51dace30df3c86a167c1b41f1bf98603332a38cd36a7884182810cd8,6a4de42443bb4a6efe4b22671ee23aaf6200bc2d55b2435e07b14c0716b843aa,afb7081898506524e3591af4e727461fc46efa2d,36247215750
F2-SPARSE-N100000-M200-s103,tsfg,100,round-1,TIMEOUT,False,96,96,,,,300,300.10223579200004,79577088,300.030891,66c3f7fd51dace30df3c86a167c1b41f1bf98603332a38cd36a7884182810cd8,6a4de42443bb4a6efe4b22671ee23aaf6200bc2d55b2435e07b14c0716b843aa,afb7081898506524e3591af4e727461fc46efa2d,36247215750
F2-SPARSE-N100000-M200-s103,dag,100,round-1,OK,True,100,100,2.9779880789999424,2.886415011,2.877119874,,2.9779880789999424,81281024,2.9662219999999997,66c3f7fd51dace30df3c86a167c1b41f1bf98603332a38cd36a7884182810cd8,6a4de42443bb4a6efe4b22671ee23aaf6200bc2d55b2435e07b14c0716b843aa,afb7081898506524e3591af4e727461fc46efa2d,36247215750
F2-SPARSE-N100000-M200-s103,des,100,round-1,OK,True,100,100,11.667425157000025,11.617836378,11.608605471,,11.667425157000025,81346560,11.651287,66c3f7fd51dace30df3c86a167c1b41f1bf98603332a38cd36a7884182810cd8,6a4de42443bb4a6efe4b22671ee23aaf6200bc2d55b2435e07b14c0716b843aa,afb7081898506524e3591af4e727461fc46efa2d,36247215750
F2-SPARSE-N100000-M200-s103,dag,100,round-2,OK,True,100,100,2.6572696899999926,2.581895074,2.573743163,,2.6572696899999926,56815616,2.4909090000000003,66c3f7fd51dace30df3c86a167c1b41f1bf98603332a38cd36a7884182810cd8,6a4de42443bb4a6efe4b22671ee23aaf6200bc2d55b2435e07b14c0716b843aa,afb7081898506524e3591af4e727461fc46efa2d,36247215750
F2-SPARSE-N100000-M200-s103,tsfg,100,round-2,OK,True,100,100,234.21886649500001,234.189723372,234.189302746,,234.21886649500001,77418496,234.08838,66c3f7fd51dace30df3c86a167c1b41f1bf98603332a38cd36a7884182810cd8,6a4de42443bb4a6efe4b22671ee23aaf6200bc2d55b2435e07b14c0716b843aa,afb7081898506524e3591af4e727461fc46efa2d,36247215750
F2-SPARSE-N100000-M200-s103,des,100,round-2,OK,True,100,100,10.629884891000017,10.582591857,10.57447491,,10.629884891000017,77803520,10.438268,66c3f7fd51dace30df3c86a167c1b41f1bf98603332a38cd36a7884182810cd8,6a4de42443bb4a6efe4b22671ee23aaf6200bc2d55b2435e07b14c0716b843aa,afb7081898506524e3591af4e727461fc46efa2d,36247215750
F2-SPARSE-N100000-M200-s103,des,100,round-2,OK,True,100,100,10.669416923999961,10.622100227,10.614006394,,10.669416923999961,77803520,10.457317,66c3f7fd51dace30df3c86a167c1b41f1bf98603332a38cd36a7884182810cd8,6a4de42443bb4a6efe4b22671ee23aaf6200bc2d55b2435e07b14c0716b843aa,afb7081898506524e3591af4e727461fc46efa2d,36247215750
F2-SPARSE-N100000-M200-s103,tsfg,100,round-2,OK,True,100,100,234.07288317899997,234.043449239,234.043065339,,234.07288317899997,77819904,234.00992499999998,66c3f7fd51dace30df3c86a167c1b41f1bf98603332a38cd36a7884182810cd8,6a4de42443bb4a6efe4b22671ee23aaf6200bc2d55b2435e07b14c0716b843aa,afb7081898506524e3591af4e727461fc46efa2d,36247215750
F2-SPARSE-N100000-M200-s103,dag,100,round-2,OK,True,100,100,2.565225631999965,2.466617296,2.458508278,,2.565225631999965,77897728,2.531466,66c3f7fd51dace30df3c86a167c1b41f1bf98603332a38cd36a7884182810cd8,6a4de42443bb4a6efe4b22671ee23aaf6200bc2d55b2435e07b14c0716b843aa,afb7081898506524e3591af4e727461fc46efa2d,36247215750
F2-SPARSE-N1000000-M200-s101,tsfg,100,round-0,TIMEOUT,False,11,11,,,,300,300.101302067,488091648,300.05039400000004,31d0e838ee527f479cab85acd5086480c59dee55a6a5c737ed24386372fcc8eb,c16e487fdfb800790766abe7d14e136fcede0e8abc853743472fafbde004db85,afb7081898506524e3591af4e727461fc46efa2d,36247215750
F2-SPARSE-N1000000-M200-s101,des,100,round-0,OK,True,100,100,154.31835067099996,153.926239833,153.835689361,,154.31835067099996,429404160,154.172234,31d0e838ee527f479cab85acd5086480c59dee55a6a5c737ed24386372fcc8eb,c16e487fdfb800790766abe7d14e136fcede0e8abc853743472fafbde004db85,afb7081898506524e3591af4e727461fc46efa2d,36247215750
F2-SPARSE-N1000000-M200-s101,dag,100,round-0,OK,True,100,100,33.584540868999966,32.556072099,32.463682689,,33.584540868999966,464543744,30.989007,31d0e838ee527f479cab85acd5086480c59dee55a6a5c737ed24386372fcc8eb,c16e487fdfb800790766abe7d14e136fcede0e8abc853743472fafbde004db85,afb7081898506524e3591af4e727461fc46efa2d,36247215750
F2-SPARSE-N1000000-M200-s101,dag,100,round-0,OK,True,100,100,31.70949410100002,30.676671147,30.586805109,,31.70949410100002,467333120,30.9127,31d0e838ee527f479cab85acd5086480c59dee55a6a5c737ed24386372fcc8eb,c16e487fdfb800790766abe7d14e136fcede0e8abc853743472fafbde004db85,afb7081898506524e3591af4e727461fc46efa2d,36247215750
F2-SPARSE-N1000000-M200-s101,des,100,round-0,OK,True,100,100,158.13920461999987,157.747327504,157.656554844,,158.13920461999987,467333120,158.003606,31d0e838ee527f479cab85acd5086480c59dee55a6a5c737ed24386372fcc8eb,c16e487fdfb800790766abe7d14e136fcede0e8abc853743472fafbde004db85,afb7081898506524e3591af4e727461fc46efa2d,36247215750
F2-SPARSE-N1000000-M200-s101,tsfg,100,round-0,TIMEOUT,False,11,11,,,,300,300.1053655149999,488620032,300.059325,31d0e838ee527f479cab85acd5086480c59dee55a6a5c737ed24386372fcc8eb,c16e487fdfb800790766abe7d14e136fcede0e8abc853743472fafbde004db85,afb7081898506524e3591af4e727461fc46efa2d,36247215750
F2-SPARSE-N1000000-M200-s101,des,100,round-1,OK,True,100,100,142.19059662499998,141.716896895,141.622004007,,142.19059662499998,431296512,141.83732500000002,31d0e838ee527f479cab85acd5086480c59dee55a6a5c737ed24386372fcc8eb,c16e487fdfb800790766abe7d14e136fcede0e8abc853743472fafbde004db85,afb7081898506524e3591af4e727461fc46efa2d,36247215750
F2-SPARSE-N1000000-M200-s101,dag,100,round-1,OK,True,100,100,34.41768804999998,33.053954996,32.960430293,,34.41768804999998,447586304,32.264808,31d0e838ee527f479cab85acd5086480c59dee55a6a5c737ed24386372fcc8eb,c16e487fdfb800790766abe7d14e136fcede0e8abc853743472fafbde004db85,afb7081898506524e3591af4e727461fc46efa2d,36247215750
F2-SPARSE-N1000000-M200-s101,tsfg,100,round-1,TIMEOUT,False,10,10,,,,300,300.104510373,474439680,300.041786,31d0e838ee527f479cab85acd5086480c59dee55a6a5c737ed24386372fcc8eb,c16e487fdfb800790766abe7d14e136fcede0e8abc853743472fafbde004db85,afb7081898506524e3591af4e727461fc46efa2d,36247215750
F2-SPARSE-N1000000-M200-s101,tsfg,100,round-1,TIMEOUT,False,10,10,,,,300,300.10365302800005,471695360,300.04305200000005,31d0e838ee527f479cab85acd5086480c59dee55a6a5c737ed24386372fcc8eb,c16e487fdfb800790766abe7d14e136fcede0e8abc853743472fafbde004db85,afb7081898506524e3591af4e727461fc46efa2d,36247215750
F2-SPARSE-N1000000-M200-s101,dag,100,round-1,OK,True,100,100,33.902934392000134,32.461338599,32.365541142,,33.902934392000134,447586304,32.122792,31d0e838ee527f479cab85acd5086480c59dee55a6a5c737ed24386372fcc8eb,c16e487fdfb800790766abe7d14e136fcede0e8abc853743472fafbde004db85,afb7081898506524e3591af4e727461fc46efa2d,36247215750
F2-SPARSE-N1000000-M200-s101,des,100,round-1,OK,True,100,100,147.76176342200006,147.276498552,147.181806008,,147.76176342200006,447586304,147.597094,31d0e838ee527f479cab85acd5086480c59dee55a6a5c737ed24386372fcc8eb,c16e487fdfb800790766abe7d14e136fcede0e8abc853743472fafbde004db85,afb7081898506524e3591af4e727461fc46efa2d,36247215750
F2-SPARSE-N1000000-M200-s101,dag,100,round-2,OK,True,100,100,34.06648216200003,32.591066214,32.495722823,,34.06648216200003,439885824,32.108894,31d0e838ee527f479cab85acd5086480c59dee55a6a5c737ed24386372fcc8eb,c16e487fdfb800790766abe7d14e136fcede0e8abc853743472fafbde004db85,afb7081898506524e3591af4e727461fc46efa2d,36247215750
F2-SPARSE-N1000000-M200-s101,tsfg,100,round-2,TIMEOUT,False,10,10,,,,300,300.105546866,511426560,300.031769,31d0e838ee527f479cab85acd5086480c59dee55a6a5c737ed24386372fcc8eb,c16e487fdfb800790766abe7d14e136fcede0e8abc853743472fafbde004db85,afb7081898506524e3591af4e727461fc46efa2d,36247215750
F2-SPARSE-N1000000-M200-s101,des,100,round-2,OK,True,100,100,157.26686698100002,156.775670622,156.681391034,,157.26686698100002,438542336,157.191612,31d0e838ee527f479cab85acd5086480c59dee55a6a5c737ed24386372fcc8eb,c16e487fdfb800790766abe7d14e136fcede0e8abc853743472fafbde004db85,afb7081898506524e3591af4e727461fc46efa2d,36247215750
F2-SPARSE-N1000000-M200-s101,des,100,round-2,OK,True,100,100,162.180105958,161.663673919,161.569559593,,162.180105958,467226624,162.046434,31d0e838ee527f479cab85acd5086480c59dee55a6a5c737ed24386372fcc8eb,c16e487fdfb800790766abe7d14e136fcede0e8abc853743472fafbde004db85,afb7081898506524e3591af4e727461fc46efa2d,36247215750
F2-SPARSE-N1000000-M200-s101,tsfg,100,round-2,TIMEOUT,False,10,10,,,,300,300.1116342990001,478134272,300.042102,31d0e838ee527f479cab85acd5086480c59dee55a6a5c737ed24386372fcc8eb,c16e487fdfb800790766abe7d14e136fcede0e8abc853743472fafbde004db85,afb7081898506524e3591af4e727461fc46efa2d,36247215750
F2-SPARSE-N1000000-M200-s101,dag,100,round-2,OK,True,100,100,34.56836362800004,33.16954659,33.074310262,,34.56836362800004,467357696,31.978994,31d0e838ee527f479cab85acd5086480c59dee55a6a5c737ed24386372fcc8eb,c16e487fdfb800790766abe7d14e136fcede0e8abc853743472fafbde004db85,afb7081898506524e3591af4e727461fc46efa2d,36247215750
F2-SPARSE-N1000000-M200-s102,tsfg,100,round-0,TIMEOUT,False,14,14,,,,300,300.101070217,483049472,299.93649500000004,2225f7621d648ca0db81e00b7b34bdf14d9a3174fd0c80e661f8626bf74bf6a3,4be9b8e1d7d58ce12f30d36a89fdfb4212ae7ff51109f015a939046351fbf37d,afb7081898506524e3591af4e727461fc46efa2d,36247215750
F2-SPARSE-N1000000-M200-s102,des,100,round-0,OK,True,100,100,158.6014767029999,158.221698184,158.143833674,,158.6014767029999,429363200,158.029847,2225f7621d648ca0db81e00b7b34bdf14d9a3174fd0c80e661f8626bf74bf6a3,4be9b8e1d7d58ce12f30d36a89fdfb4212ae7ff51109f015a939046351fbf37d,afb7081898506524e3591af4e727461fc46efa2d,36247215750
F2-SPARSE-N1000000-M200-s102,dag,100,round-0,OK,True,100,100,34.13270108100005,33.1176731,33.03851642,,34.13270108100005,446341120,28.680010000000003,2225f7621d648ca0db81e00b7b34bdf14d9a3174fd0c80e661f8626bf74bf6a3,4be9b8e1d7d58ce12f30d36a89fdfb4212ae7ff51109f015a939046351fbf37d,afb7081898506524e3591af4e727461fc46efa2d,36247215750
F2-SPARSE-N1000000-M200-s102,dag,100,round-0,OK,True,100,100,30.130962525999962,29.169825918,29.091261591,,30.130962525999962,466321408,28.37882,2225f7621d648ca0db81e00b7b34bdf14d9a3174fd0c80e661f8626bf74bf6a3,4be9b8e1d7d58ce12f30d36a89fdfb4212ae7ff51109f015a939046351fbf37d,afb7081898506524e3591af4e727461fc46efa2d,36247215750
F2-SPARSE-N1000000-M200-s102,des,100,round-0,OK,True,100,100,144.60320980699998,144.23683496,144.162351977,,144.60320980699998,466407424,144.381998,2225f7621d648ca0db81e00b7b34bdf14d9a3174fd0c80e661f8626bf74bf6a3,4be9b8e1d7d58ce12f30d36a89fdfb4212ae7ff51109f015a939046351fbf37d,afb7081898506524e3591af4e727461fc46efa2d,36247215750
F2-SPARSE-N1000000-M200-s102,tsfg,100,round-0,TIMEOUT,False,14,14,,,,300,300.104195055,495288320,299.95816599999995,2225f7621d648ca0db81e00b7b34bdf14d9a3174fd0c80e661f8626bf74bf6a3,4be9b8e1d7d58ce12f30d36a89fdfb4212ae7ff51109f015a939046351fbf37d,afb7081898506524e3591af4e727461fc46efa2d,36247215750
F2-SPARSE-N1000000-M200-s102,des,100,round-1,OK,True,100,100,145.48911397199998,144.993053716,144.900760466,,145.48911397199998,431308800,145.396499,2225f7621d648ca0db81e00b7b34bdf14d9a3174fd0c80e661f8626bf74bf6a3,4be9b8e1d7d58ce12f30d36a89fdfb4212ae7ff51109f015a939046351fbf37d,afb7081898506524e3591af4e727461fc46efa2d,36247215750
F2-SPARSE-N1000000-M200-s102,dag,100,round-1,OK,True,100,100,34.525907794999966,33.163154268,33.067792406,,34.525907794999966,437133312,32.302465,2225f7621d648ca0db81e00b7b34bdf14d9a3174fd0c80e661f8626bf74bf6a3,4be9b8e1d7d58ce12f30d36a89fdfb4212ae7ff51109f015a939046351fbf37d,afb7081898506524e3591af4e727461fc46efa2d,36247215750
F2-SPARSE-N1000000-M200-s102,tsfg,100,round-1,TIMEOUT,False,9,9,,,,300,300.106909406,489701376,299.984402,2225f7621d648ca0db81e00b7b34bdf14d9a3174fd0c80e661f8626bf74bf6a3,4be9b8e1d7d58ce12f30d36a89fdfb4212ae7ff51109f015a939046351fbf37d,afb7081898506524e3591af4e727461fc46efa2d,36247215750
F2-SPARSE-N1000000-M200-s102,tsfg,100,round-1,TIMEOUT,False,9,9,,,,300,300.1039866199999,468017152,299.975529,2225f7621d648ca0db81e00b7b34bdf14d9a3174fd0c80e661f8626bf74bf6a3,4be9b8e1d7d58ce12f30d36a89fdfb4212ae7ff51109f015a939046351fbf37d,afb7081898506524e3591af4e727461fc46efa2d,36247215750
F2-SPARSE-N1000000-M200-s102,dag,100,round-1,OK,True,100,100,35.30329608400007,33.855344736,33.760118215,,35.30329608400007,449159168,31.989806,2225f7621d648ca0db81e00b7b34bdf14d9a3174fd0c80e661f8626bf74bf6a3,4be9b8e1d7d58ce12f30d36a89fdfb4212ae7ff51109f015a939046351fbf37d,afb7081898506524e3591af4e727461fc46efa2d,36247215750
F2-SPARSE-N1000000-M200-s102,des,100,round-1,OK,True,100,100,160.10695306799994,159.605359021,159.514354476,,160.10695306799994,449716224,159.977931,2225f7621d648ca0db81e00b7b34bdf14d9a3174fd0c80e661f8626bf74bf6a3,4be9b8e1d7d58ce12f30d36a89fdfb4212ae7ff51109f015a939046351fbf37d,afb7081898506524e3591af4e727461fc46efa2d,36247215750
F2-SPARSE-N1000000-M200-s102,dag,100,round-2,OK,True,100,100,24.381929962999948,23.459627214,23.411027715,,24.381929962999948,438132736,18.995169,2225f7621d648ca0db81e00b7b34bdf14d9a3174fd0c80e661f8626bf74bf6a3,4be9b8e1d7d58ce12f30d36a89fdfb4212ae7ff51109f015a939046351fbf37d,afb7081898506524e3591af4e727461fc46efa2d,36247215750
F2-SPARSE-N1000000-M200-s102,tsfg,100,round-2,TIMEOUT,False,18,18,,,,300,300.1067829190001,483082240,300.046136,2225f7621d648ca0db81e00b7b34bdf14d9a3174fd0c80e661f8626bf74bf6a3,4be9b8e1d7d58ce12f30d36a89fdfb4212ae7ff51109f015a939046351fbf37d,afb7081898506524e3591af4e727461fc46efa2d,36247215750
F2-SPARSE-N1000000-M200-s102,des,100,round-2,OK,True,100,100,100.44264063800006,100.154226135,100.107717184,,100.44264063800006,445837312,100.196877,2225f7621d648ca0db81e00b7b34bdf14d9a3174fd0c80e661f8626bf74bf6a3,4be9b8e1d7d58ce12f30d36a89fdfb4212ae7ff51109f015a939046351fbf37d,afb7081898506524e3591af4e727461fc46efa2d,36247215750
F2-SPARSE-N1000000-M200-s102,des,100,round-2,OK,True,100,100,116.05447198899992,115.763780775,115.716225363,,116.05447198899992,454918144,115.796729,2225f7621d648ca0db81e00b7b34bdf14d9a3174fd0c80e661f8626bf74bf6a3,4be9b8e1d7d58ce12f30d36a89fdfb4212ae7ff51109f015a939046351fbf37d,afb7081898506524e3591af4e727461fc46efa2d,36247215750
F2-SPARSE-N1000000-M200-s102,tsfg,100,round-2,TIMEOUT,False,18,18,,,,300,300.10779409299994,487968768,300.02558700000003,2225f7621d648ca0db81e00b7b34bdf14d9a3174fd0c80e661f8626bf74bf6a3,4be9b8e1d7d58ce12f30d36a89fdfb4212ae7ff51109f015a939046351fbf37d,afb7081898506524e3591af4e727461fc46efa2d,36247215750
F2-SPARSE-N1000000-M200-s102,dag,100,round-2,OK,True,100,100,22.80196067499992,21.751766499,21.698153271,,22.80196067499992,474017792,20.327969000000003,2225f7621d648ca0db81e00b7b34bdf14d9a3174fd0c80e661f8626bf74bf6a3,4be9b8e1d7d58ce12f30d36a89fdfb4212ae7ff51109f015a939046351fbf37d,afb7081898506524e3591af4e727461fc46efa2d,36247215750
F2-SPARSE-N1000000-M200-s103,tsfg,100,round-0,TIMEOUT,False,9,9,,,,300,300.08905925899995,472498176,300.030566,fe9a7dd9af3c494e674a7d9a2dd517d51866eb1af9127e1b909231d426705a42,f64979968e0adab276b2b40daf1d6204c2be5df8cdfe85f2fc96b30108bc5356,afb7081898506524e3591af4e727461fc46efa2d,36247215750
F2-SPARSE-N1000000-M200-s103,des,100,round-0,OK,True,100,100,140.54550286800009,140.07553739,139.982033388,,140.54550286800009,430301184,140.438451,fe9a7dd9af3c494e674a7d9a2dd517d51866eb1af9127e1b909231d426705a42,f64979968e0adab276b2b40daf1d6204c2be5df8cdfe85f2fc96b30108bc5356,afb7081898506524e3591af4e727461fc46efa2d,36247215750
F2-SPARSE-N1000000-M200-s103,dag,100,round-0,OK,True,100,100,33.64662588199997,32.398715059,32.305143701,,33.64662588199997,441462784,30.891801,fe9a7dd9af3c494e674a7d9a2dd517d51866eb1af9127e1b909231d426705a42,f64979968e0adab276b2b40daf1d6204c2be5df8cdfe85f2fc96b30108bc5356,afb7081898506524e3591af4e727461fc46efa2d,36247215750
F2-SPARSE-N1000000-M200-s103,dag,100,round-0,OK,True,100,100,33.236968893999915,32.003000546,31.910833483,,33.236968893999915,465883136,30.743377000000002,fe9a7dd9af3c494e674a7d9a2dd517d51866eb1af9127e1b909231d426705a42,f64979968e0adab276b2b40daf1d6204c2be5df8cdfe85f2fc96b30108bc5356,afb7081898506524e3591af4e727461fc46efa2d,36247215750
F2-SPARSE-N1000000-M200-s103,des,100,round-0,OK,True,100,100,130.11524332199997,129.646271868,129.534406173,,130.11524332199997,466513920,130.023446,fe9a7dd9af3c494e674a7d9a2dd517d51866eb1af9127e1b909231d426705a42,f64979968e0adab276b2b40daf1d6204c2be5df8cdfe85f2fc96b30108bc5356,afb7081898506524e3591af4e727461fc46efa2d,36247215750
F2-SPARSE-N1000000-M200-s103,tsfg,100,round-0,TIMEOUT,False,9,9,,,,300,300.105796672,469819392,300.05136300000004,fe9a7dd9af3c494e674a7d9a2dd517d51866eb1af9127e1b909231d426705a42,f64979968e0adab276b2b40daf1d6204c2be5df8cdfe85f2fc96b30108bc5356,afb7081898506524e3591af4e727461fc46efa2d,36247215750
F2-SPARSE-N1000000-M200-s103,des,100,round-1,OK,True,100,100,150.00221264099997,149.505881806,149.41107607,,150.00221264099997,430755840,149.92984399999997,fe9a7dd9af3c494e674a7d9a2dd517d51866eb1af9127e1b909231d426705a42,f64979968e0adab276b2b40daf1d6204c2be5df8cdfe85f2fc96b30108bc5356,afb7081898506524e3591af4e727461fc46efa2d,36247215750
F2-SPARSE-N1000000-M200-s103,dag,100,round-1,OK,True,100,100,33.473573656999974,32.08353926,31.987884189,,33.473573656999974,438050816,32.123352,fe9a7dd9af3c494e674a7d9a2dd517d51866eb1af9127e1b909231d426705a42,f64979968e0adab276b2b40daf1d6204c2be5df8cdfe85f2fc96b30108bc5356,afb7081898506524e3591af4e727461fc46efa2d,36247215750
F2-SPARSE-N1000000-M200-s103,tsfg,100,round-1,TIMEOUT,False,9,9,,,,300,300.107015426,478044160,300.039023,fe9a7dd9af3c494e674a7d9a2dd517d51866eb1af9127e1b909231d426705a42,f64979968e0adab276b2b40daf1d6204c2be5df8cdfe85f2fc96b30108bc5356,afb7081898506524e3591af4e727461fc46efa2d,36247215750
F2-SPARSE-N1000000-M200-s103,tsfg,100,round-1,TIMEOUT,False,9,9,,,,300,300.1040889249999,489357312,300.033394,fe9a7dd9af3c494e674a7d9a2dd517d51866eb1af9127e1b909231d426705a42,f64979968e0adab276b2b40daf1d6204c2be5df8cdfe85f2fc96b30108bc5356,afb7081898506524e3591af4e727461fc46efa2d,36247215750
F2-SPARSE-N1000000-M200-s103,dag,100,round-1,OK,True,100,100,38.10830912000006,36.702496564,36.607369713,,38.10830912000006,447008768,36.406687999999995,fe9a7dd9af3c494e674a7d9a2dd517d51866eb1af9127e1b909231d426705a42,f64979968e0adab276b2b40daf1d6204c2be5df8cdfe85f2fc96b30108bc5356,afb7081898506524e3591af4e727461fc46efa2d,36247215750
F2-SPARSE-N1000000-M200-s103,des,100,round-1,OK,True,100,100,154.52152147100014,154.022497494,153.927271193,,154.52152147100014,455491584,154.436422,fe9a7dd9af3c494e674a7d9a2dd517d51866eb1af9127e1b909231d426705a42,f64979968e0adab276b2b40daf1d6204c2be5df8cdfe85f2fc96b30108bc5356,afb7081898506524e3591af4e727461fc46efa2d,36247215750
F2-SPARSE-N1000000-M200-s103,dag,100,round-2,OK,True,100,100,24.810070001999975,23.868115997,23.817107068,,24.810070001999975,436600832,19.305905000000003,fe9a7dd9af3c494e674a7d9a2dd517d51866eb1af9127e1b909231d426705a42,f64979968e0adab276b2b40daf1d6204c2be5df8cdfe85f2fc96b30108bc5356,afb7081898506524e3591af4e727461fc46efa2d,36247215750
F2-SPARSE-N1000000-M200-s103,tsfg,100,round-2,TIMEOUT,False,18,18,,,,300,300.108015774,488292352,299.980568,fe9a7dd9af3c494e674a7d9a2dd517d51866eb1af9127e1b909231d426705a42,f64979968e0adab276b2b40daf1d6204c2be5df8cdfe85f2fc96b30108bc5356,afb7081898506524e3591af4e727461fc46efa2d,36247215750
F2-SPARSE-N1000000-M200-s103,des,100,round-2,OK,True,100,100,101.70212083600006,101.412717889,101.364458218,,101.70212083600006,454504448,101.273486,fe9a7dd9af3c494e674a7d9a2dd517d51866eb1af9127e1b909231d426705a42,f64979968e0adab276b2b40daf1d6204c2be5df8cdfe85f2fc96b30108bc5356,afb7081898506524e3591af4e727461fc46efa2d,36247215750
F2-SPARSE-N1000000-M200-s103,des,100,round-2,OK,True,100,100,130.7735401,130.454895872,130.406180472,,130.7735401,454504448,130.23284999999998,fe9a7dd9af3c494e674a7d9a2dd517d51866eb1af9127e1b909231d426705a42,f64979968e0adab276b2b40daf1d6204c2be5df8cdfe85f2fc96b30108bc5356,afb7081898506524e3591af4e727461fc46efa2d,36247215750
F2-SPARSE-N1000000-M200-s103,tsfg,100,round-2,TIMEOUT,False,18,18,,,,300,300.107125701,483733504,299.963365,fe9a7dd9af3c494e674a7d9a2dd517d51866eb1af9127e1b909231d426705a42,f64979968e0adab276b2b40daf1d6204c2be5df8cdfe85f2fc96b30108bc5356,afb7081898506524e3591af4e727461fc46efa2d,36247215750
F2-SPARSE-N1000000-M200-s103,dag,100,round-2,OK,True,100,100,21.480004317000066,20.585531421,20.532780399,,21.480004317000066,454504448,18.998866,fe9a7dd9af3c494e674a7d9a2dd517d51866eb1af9127e1b909231d426705a42,f64979968e0adab276b2b40daf1d6204c2be5df8cdfe85f2fc96b30108bc5356,afb7081898506524e3591af4e727461fc46efa2d,36247215750
